,categoryId,channelId,channelTitle,publishedAt,videoId
0,10,UCGIelM2Dj3zza3xyV3pL3WQ,MigosVEVO,02,9v_rtaye2yY
1,24,UC0v-tlzsn0QZwJnkiaUSJVQ,FBE,22,fuHcdFPBKy0
2,24,UCq0OueAsdxH6b8nyAspwViw,Universal Pictures,01,vn9mMeWcgoM
3,26,UCjwmbv6NE4mOh8Z8VhPUx1Q,Rosanna Pansino,15,6i2cebTn0nc
4,24,UCSAUGyc_xA8uYzaIVG6MESQ,nigahiga,19,JBDWIGpKnwM
5,24,UCMtFAi84ehTSYSE9XoHefig,The Late Show with Stephen Colbert,08,00nmxR1mxIA
6,1,UC2-BeLxzUBSs0uSrmzWhJuQ,20th Century Fox,19,aj8mN_7Apcw
7,26,UCckETVOT59aYw80B36aP9vw,Matthias Wandel,12,iGXYZwZEZa0
8,24,UCWOA1ZGywLbqmigxE4Qlvuw,Netflix,21,QK_iX5cPDhE
9,23,UCQG4cX86zZ51IU2cerZgPSA,Awkward Puppets,17,bo8OYPYRTIY
10,10,UC20vb-R_px4CguHzzBPhoyQ,EminemVEVO,05,56KYMMGudcU
11,26,UCG9nVSLp4nQlW79sY5ihRrg,Desi Perkins,01,uwUchGQRXKM
12,23,UC8-Th83bH_thdKZDJCrn88g,The Tonight Show Starring Jimmy Fallon,11,Ub53c95Soqk
13,26,UCPD_bxCRGpmmeQcbe2kpPaA,First We Feast,16,__4c1JCHvaQ
14,20,UCqDS7KWjAPKv-7ZSlro9OiQ,thegameawards,08,Bs5Ml7_2wT0
15,23,UCVTyTA7-g9nopHeHbeuvpRA,Late Night with Seth Meyers,02,NyNQLRhsAsk
16,24,UCCj956IF62FbT7Gouszaj9w,BBC,18,Zi9MkiQzl20
17,20,UCGIY_O-8vW4rfX98KlMkvRg,Nintendo,02,dyBFAX4SDEc
18,24,UCJ0uqCI0Vqr2Rrt1HseGirg,The Late Late Show with James Corden,05,vW7H-DKivX8
19,25,UCLXo7UDZvByw2ixzpQCufnA,Vox,13,EZSCtgfmEO0
20,22,UCay_OLhWtf9iklq8zg_or0g,Boldly,16,H4CkXh3FSo8
21,22,UCrUbqTCagwsaP2Fmr0p1TsA,MoreZoella,16,oXE-ssvbhQA
22,22,UCpko_-a4wgz2u_DgDgd9fqA,BuzzFeedVideo,01,aphpJi5jKrM
23,24,UCucot-Zp428OwkyRm2I7v2Q,James Charles,21,Y26pMy4jf8U
24,25,UCVxBA3Cbu3pm8w8gEIoMEog,ABC7,08,sFMehG2tDcA
25,10,UC3Pa0DVzVkqEN_CwsNMapqg,SamSmithWorldVEVO,00,eYJCjVkOImU
26,24,UCa6vGFO9ty8v5KZJXQxdhaw,Jimmy Kimmel Live,12,jibff9m0SjQ
27,10,UCFbRdRGijPR4oBjQ0fVCSmw,Björk,15,Sqbv7cCM5AI
28,10,UCR5BwOS3Gb4uQtxRYRUQ7ng,LouisTomlinsonVEVO,16,inZzcTXYowY
29,1,UC7-E5xhZBZdW-8d7V80mzfg,Jenny Nicholson,13,OVa-sqcDYZ4
30,24,UCR4wTAyVbbX-IiBiGCgIBTg,LIVEKellyandRyan,18,2jhwGiO5XJ8
31,24,UCp0hYYBW6IMayGgR-WeoCvQ,TheEllenShow,14,bye513KciIk
32,26,UCGwPbAQdGA3_88WBuGtg9tw,grav3yardgirl,21,fJJBAwiOjRI
33,22,UCe9oofjVfJzapRyVlt57x8Q,Marzia,18,oOAohDViea4
34,1,UCYUQQgogVeQY8cMQamhHJcg,CinemaSins,16,Hlch9lKAeXo
35,24,UCBR8-60-B28hp2BmDPdntcQ,YouTube Spotlight,17,FlsCjmMhFmw
36,27,UCsXVk37bltHxD1rDPwtNM8Q,Kurzgesagt – In a Nutshell,14,kl39KHS07Xc
37,28,UC3KEoMzNz8eYnwBC34RaKCQ,Simone Giertz,19,8mQelXnPxUQ
38,24,UCy6D16zE_mMEm1HVD20WFxA,Watch What Happens Live with Andy Cohen,12,hpvDsw1D29w
39,23,UCWXCrItCF6ZgXrdozUS-Idw,ExplosmEntertainment,06,r8FQ5wUYm9c
40,17,UCWJ2lWNubArHWmf3FIHbfcQ,NBA,00,MtFjRvKfv70
41,24,UCqFzWxSCi39LnW1JKFR3efg,Saturday Night Live,20,iU4J2FF23Do
42,23,UCNyJk0eoESO3CxAmrktAB5w,Whitney Avalon,17,MUB-h2NeQYA
43,20,UCnXDQbqIdp-HQuDyM4p12ng,PLAYERUNKNOWN'S BATTLEGROUNDS,04,6TOSV3-7hzU
44,22,UCHJuQZuzapBh-CuhRYxIZrg,INSIDER,21,RdAKIVgTKuw
45,10,UCjjC1Jk_1o1VWpLalgo21XQ,GEazyMusicVEVO,05,HKIIgYFhQlE
46,26,UCoMum0pwewO8_WtTlUQxGHw,CupcakeJemma,18,ySBjb4_JGtY
47,22,UC18vz5hUUqxbGvym9ghtX_w,Full Frontal with Samantha Bee,07,_72fqgEevOo
48,20,UCuhwvTYFvVZjyBVXc9T7CrA,DanAndPhilGAMES,23,8KaKWPJq5dY
49,24,UCBTTI-zUgbt8whLszMqjvZw,The Unipiper,16,mQ8sFRuDyiU
50,10,UCGIelM2Dj3zza3xyV3pL3WQ,MigosVEVO,02,9v_rtaye2yY
51,24,UC0v-tlzsn0QZwJnkiaUSJVQ,FBE,22,fuHcdFPBKy0
52,24,UCq0OueAsdxH6b8nyAspwViw,Universal Pictures,01,vn9mMeWcgoM
53,26,UCjwmbv6NE4mOh8Z8VhPUx1Q,Rosanna Pansino,15,6i2cebTn0nc
54,24,UCSAUGyc_xA8uYzaIVG6MESQ,nigahiga,19,JBDWIGpKnwM
55,24,UCMtFAi84ehTSYSE9XoHefig,The Late Show with Stephen Colbert,08,00nmxR1mxIA
56,1,UC2-BeLxzUBSs0uSrmzWhJuQ,20th Century Fox,19,aj8mN_7Apcw
57,26,UCckETVOT59aYw80B36aP9vw,Matthias Wandel,12,iGXYZwZEZa0
58,24,UCWOA1ZGywLbqmigxE4Qlvuw,Netflix,21,QK_iX5cPDhE
59,23,UCQG4cX86zZ51IU2cerZgPSA,Awkward Puppets,17,bo8OYPYRTIY
60,10,UC20vb-R_px4CguHzzBPhoyQ,EminemVEVO,05,56KYMMGudcU
61,26,UCG9nVSLp4nQlW79sY5ihRrg,Desi Perkins,01,uwUchGQRXKM
62,23,UC8-Th83bH_thdKZDJCrn88g,The Tonight Show Starring Jimmy Fallon,11,Ub53c95Soqk
63,26,UCPD_bxCRGpmmeQcbe2kpPaA,First We Feast,16,__4c1JCHvaQ
64,20,UCqDS7KWjAPKv-7ZSlro9OiQ,thegameawards,08,Bs5Ml7_2wT0
65,23,UCVTyTA7-g9nopHeHbeuvpRA,Late Night with Seth Meyers,02,NyNQLRhsAsk
66,24,UCCj956IF62FbT7Gouszaj9w,BBC,18,Zi9MkiQzl20
67,20,UCGIY_O-8vW4rfX98KlMkvRg,Nintendo,02,dyBFAX4SDEc
68,24,UCJ0uqCI0Vqr2Rrt1HseGirg,The Late Late Show with James Corden,05,vW7H-DKivX8
69,25,UCLXo7UDZvByw2ixzpQCufnA,Vox,13,EZSCtgfmEO0
70,22,UCay_OLhWtf9iklq8zg_or0g,Boldly,16,H4CkXh3FSo8
71,22,UCrUbqTCagwsaP2Fmr0p1TsA,MoreZoella,16,oXE-ssvbhQA
72,22,UCpko_-a4wgz2u_DgDgd9fqA,BuzzFeedVideo,01,aphpJi5jKrM
73,24,UCucot-Zp428OwkyRm2I7v2Q,James Charles,21,Y26pMy4jf8U
74,25,UCVxBA3Cbu3pm8w8gEIoMEog,ABC7,08,sFMehG2tDcA
75,10,UC3Pa0DVzVkqEN_CwsNMapqg,SamSmithWorldVEVO,00,eYJCjVkOImU
76,24,UCa6vGFO9ty8v5KZJXQxdhaw,Jimmy Kimmel Live,12,jibff9m0SjQ
77,10,UCFbRdRGijPR4oBjQ0fVCSmw,Björk,15,Sqbv7cCM5AI
78,10,UCR5BwOS3Gb4uQtxRYRUQ7ng,LouisTomlinsonVEVO,16,inZzcTXYowY
79,1,UC7-E5xhZBZdW-8d7V80mzfg,Jenny Nicholson,13,OVa-sqcDYZ4
80,24,UCR4wTAyVbbX-IiBiGCgIBTg,LIVEKellyandRyan,18,2jhwGiO5XJ8
81,24,UCp0hYYBW6IMayGgR-WeoCvQ,TheEllenShow,14,bye513KciIk
82,26,UCGwPbAQdGA3_88WBuGtg9tw,grav3yardgirl,21,fJJBAwiOjRI
83,22,UCe9oofjVfJzapRyVlt57x8Q,Marzia,18,oOAohDViea4
84,1,UCYUQQgogVeQY8cMQamhHJcg,CinemaSins,16,Hlch9lKAeXo
85,24,UCBR8-60-B28hp2BmDPdntcQ,YouTube Spotlight,17,FlsCjmMhFmw
86,27,UCsXVk37bltHxD1rDPwtNM8Q,Kurzgesagt – In a Nutshell,14,kl39KHS07Xc
87,28,UC3KEoMzNz8eYnwBC34RaKCQ,Simone Giertz,19,8mQelXnPxUQ
88,24,UCy6D16zE_mMEm1HVD20WFxA,Watch What Happens Live with Andy Cohen,12,hpvDsw1D29w
89,23,UCWXCrItCF6ZgXrdozUS-Idw,ExplosmEntertainment,06,r8FQ5wUYm9c
90,17,UCWJ2lWNubArHWmf3FIHbfcQ,NBA,00,MtFjRvKfv70
91,24,UCqFzWxSCi39LnW1JKFR3efg,Saturday Night Live,20,iU4J2FF23Do
92,23,UCNyJk0eoESO3CxAmrktAB5w,Whitney Avalon,17,MUB-h2NeQYA
93,20,UCnXDQbqIdp-HQuDyM4p12ng,PLAYERUNKNOWN'S BATTLEGROUNDS,04,6TOSV3-7hzU
94,22,UCHJuQZuzapBh-CuhRYxIZrg,INSIDER,21,RdAKIVgTKuw
95,10,UCjjC1Jk_1o1VWpLalgo21XQ,GEazyMusicVEVO,05,HKIIgYFhQlE
96,26,UCoMum0pwewO8_WtTlUQxGHw,CupcakeJemma,18,ySBjb4_JGtY
97,22,UC18vz5hUUqxbGvym9ghtX_w,Full Frontal with Samantha Bee,07,_72fqgEevOo
98,20,UCuhwvTYFvVZjyBVXc9T7CrA,DanAndPhilGAMES,23,8KaKWPJq5dY
99,24,UCBTTI-zUgbt8whLszMqjvZw,The Unipiper,16,mQ8sFRuDyiU
100,10,UCGIelM2Dj3zza3xyV3pL3WQ,MigosVEVO,02,9v_rtaye2yY
101,24,UC0v-tlzsn0QZwJnkiaUSJVQ,FBE,22,fuHcdFPBKy0
102,24,UCq0OueAsdxH6b8nyAspwViw,Universal Pictures,01,vn9mMeWcgoM
103,26,UCjwmbv6NE4mOh8Z8VhPUx1Q,Rosanna Pansino,15,6i2cebTn0nc
104,24,UCSAUGyc_xA8uYzaIVG6MESQ,nigahiga,19,JBDWIGpKnwM
105,24,UCMtFAi84ehTSYSE9XoHefig,The Late Show with Stephen Colbert,08,00nmxR1mxIA
106,1,UC2-BeLxzUBSs0uSrmzWhJuQ,20th Century Fox,19,aj8mN_7Apcw
107,26,UCckETVOT59aYw80B36aP9vw,Matthias Wandel,12,iGXYZwZEZa0
108,24,UCWOA1ZGywLbqmigxE4Qlvuw,Netflix,21,QK_iX5cPDhE
109,23,UCQG4cX86zZ51IU2cerZgPSA,Awkward Puppets,17,bo8OYPYRTIY
110,10,UC20vb-R_px4CguHzzBPhoyQ,EminemVEVO,05,56KYMMGudcU
111,26,UCG9nVSLp4nQlW79sY5ihRrg,Desi Perkins,01,uwUchGQRXKM
112,23,UC8-Th83bH_thdKZDJCrn88g,The Tonight Show Starring Jimmy Fallon,11,Ub53c95Soqk
113,26,UCPD_bxCRGpmmeQcbe2kpPaA,First We Feast,16,__4c1JCHvaQ
114,20,UCqDS7KWjAPKv-7ZSlro9OiQ,thegameawards,08,Bs5Ml7_2wT0
115,23,UCVTyTA7-g9nopHeHbeuvpRA,Late Night with Seth Meyers,02,NyNQLRhsAsk
116,24,UCCj956IF62FbT7Gouszaj9w,BBC,18,Zi9MkiQzl20
117,20,UCGIY_O-8vW4rfX98KlMkvRg,Nintendo,02,dyBFAX4SDEc
118,24,UCJ0uqCI0Vqr2Rrt1HseGirg,The Late Late Show with James Corden,05,vW7H-DKivX8
119,25,UCLXo7UDZvByw2ixzpQCufnA,Vox,13,EZSCtgfmEO0
120,22,UCay_OLhWtf9iklq8zg_or0g,Boldly,16,H4CkXh3FSo8
121,22,UCrUbqTCagwsaP2Fmr0p1TsA,MoreZoella,16,oXE-ssvbhQA
122,22,UCpko_-a4wgz2u_DgDgd9fqA,BuzzFeedVideo,01,aphpJi5jKrM
123,24,UCucot-Zp428OwkyRm2I7v2Q,James Charles,21,Y26pMy4jf8U
124,25,UCVxBA3Cbu3pm8w8gEIoMEog,ABC7,08,sFMehG2tDcA
125,10,UC3Pa0DVzVkqEN_CwsNMapqg,SamSmithWorldVEVO,00,eYJCjVkOImU
126,24,UCa6vGFO9ty8v5KZJXQxdhaw,Jimmy Kimmel Live,12,jibff9m0SjQ
127,10,UCFbRdRGijPR4oBjQ0fVCSmw,Björk,15,Sqbv7cCM5AI
128,10,UCR5BwOS3Gb4uQtxRYRUQ7ng,LouisTomlinsonVEVO,16,inZzcTXYowY
129,1,UC7-E5xhZBZdW-8d7V80mzfg,Jenny Nicholson,13,OVa-sqcDYZ4
130,24,UCR4wTAyVbbX-IiBiGCgIBTg,LIVEKellyandRyan,18,2jhwGiO5XJ8
131,24,UCp0hYYBW6IMayGgR-WeoCvQ,TheEllenShow,14,bye513KciIk
132,26,UCGwPbAQdGA3_88WBuGtg9tw,grav3yardgirl,21,fJJBAwiOjRI
133,22,UCe9oofjVfJzapRyVlt57x8Q,Marzia,18,oOAohDViea4
134,1,UCYUQQgogVeQY8cMQamhHJcg,CinemaSins,16,Hlch9lKAeXo
135,24,UCBR8-60-B28hp2BmDPdntcQ,YouTube Spotlight,17,FlsCjmMhFmw
136,27,UCsXVk37bltHxD1rDPwtNM8Q,Kurzgesagt – In a Nutshell,14,kl39KHS07Xc
137,28,UC3KEoMzNz8eYnwBC34RaKCQ,Simone Giertz,19,8mQelXnPxUQ
138,24,UCy6D16zE_mMEm1HVD20WFxA,Watch What Happens Live with Andy Cohen,12,hpvDsw1D29w
139,23,UCWXCrItCF6ZgXrdozUS-Idw,ExplosmEntertainment,06,r8FQ5wUYm9c
140,17,UCWJ2lWNubArHWmf3FIHbfcQ,NBA,00,MtFjRvKfv70
141,24,UCqFzWxSCi39LnW1JKFR3efg,Saturday Night Live,20,iU4J2FF23Do
142,23,UCNyJk0eoESO3CxAmrktAB5w,Whitney Avalon,17,MUB-h2NeQYA
143,20,UCnXDQbqIdp-HQuDyM4p12ng,PLAYERUNKNOWN'S BATTLEGROUNDS,04,6TOSV3-7hzU
144,22,UCHJuQZuzapBh-CuhRYxIZrg,INSIDER,21,RdAKIVgTKuw
145,10,UCjjC1Jk_1o1VWpLalgo21XQ,GEazyMusicVEVO,05,HKIIgYFhQlE
146,26,UCoMum0pwewO8_WtTlUQxGHw,CupcakeJemma,18,ySBjb4_JGtY
147,22,UC18vz5hUUqxbGvym9ghtX_w,Full Frontal with Samantha Bee,07,_72fqgEevOo
148,20,UCuhwvTYFvVZjyBVXc9T7CrA,DanAndPhilGAMES,23,8KaKWPJq5dY
149,24,UCBTTI-zUgbt8whLszMqjvZw,The Unipiper,16,mQ8sFRuDyiU
150,10,UCGIelM2Dj3zza3xyV3pL3WQ,MigosVEVO,02,9v_rtaye2yY
151,24,UC0v-tlzsn0QZwJnkiaUSJVQ,FBE,22,fuHcdFPBKy0
152,24,UCq0OueAsdxH6b8nyAspwViw,Universal Pictures,01,vn9mMeWcgoM
153,26,UCjwmbv6NE4mOh8Z8VhPUx1Q,Rosanna Pansino,15,6i2cebTn0nc
154,24,UCSAUGyc_xA8uYzaIVG6MESQ,nigahiga,19,JBDWIGpKnwM
155,24,UCMtFAi84ehTSYSE9XoHefig,The Late Show with Stephen Colbert,08,00nmxR1mxIA
156,1,UC2-BeLxzUBSs0uSrmzWhJuQ,20th Century Fox,19,aj8mN_7Apcw
157,26,UCckETVOT59aYw80B36aP9vw,Matthias Wandel,12,iGXYZwZEZa0
158,24,UCWOA1ZGywLbqmigxE4Qlvuw,Netflix,21,QK_iX5cPDhE
159,23,UCQG4cX86zZ51IU2cerZgPSA,Awkward Puppets,17,bo8OYPYRTIY
160,10,UC20vb-R_px4CguHzzBPhoyQ,EminemVEVO,05,56KYMMGudcU
161,26,UCG9nVSLp4nQlW79sY5ihRrg,Desi Perkins,01,uwUchGQRXKM
162,23,UC8-Th83bH_thdKZDJCrn88g,The Tonight Show Starring Jimmy Fallon,11,Ub53c95Soqk
163,26,UCPD_bxCRGpmmeQcbe2kpPaA,First We Feast,16,__4c1JCHvaQ
164,20,UCqDS7KWjAPKv-7ZSlro9OiQ,thegameawards,08,Bs5Ml7_2wT0
165,23,UCVTyTA7-g9nopHeHbeuvpRA,Late Night with Seth Meyers,02,NyNQLRhsAsk
166,24,UCCj956IF62FbT7Gouszaj9w,BBC,18,Zi9MkiQzl20
167,20,UCGIY_O-8vW4rfX98KlMkvRg,Nintendo,02,dyBFAX4SDEc
168,24,UCJ0uqCI0Vqr2Rrt1HseGirg,The Late Late Show with James Corden,05,vW7H-DKivX8
169,25,UCLXo7UDZvByw2ixzpQCufnA,Vox,13,EZSCtgfmEO0
170,22,UCay_OLhWtf9iklq8zg_or0g,Boldly,16,H4CkXh3FSo8
171,22,UCrUbqTCagwsaP2Fmr0p1TsA,MoreZoella,16,oXE-ssvbhQA
172,22,UCpko_-a4wgz2u_DgDgd9fqA,BuzzFeedVideo,01,aphpJi5jKrM
173,24,UCucot-Zp428OwkyRm2I7v2Q,James Charles,21,Y26pMy4jf8U
174,25,UCVxBA3Cbu3pm8w8gEIoMEog,ABC7,08,sFMehG2tDcA
175,10,UC3Pa0DVzVkqEN_CwsNMapqg,SamSmithWorldVEVO,00,eYJCjVkOImU
176,24,UCa6vGFO9ty8v5KZJXQxdhaw,Jimmy Kimmel Live,12,jibff9m0SjQ
177,10,UCFbRdRGijPR4oBjQ0fVCSmw,Björk,15,Sqbv7cCM5AI
178,10,UCR5BwOS3Gb4uQtxRYRUQ7ng,LouisTomlinsonVEVO,16,inZzcTXYowY
179,1,UC7-E5xhZBZdW-8d7V80mzfg,Jenny Nicholson,13,OVa-sqcDYZ4
180,24,UCR4wTAyVbbX-IiBiGCgIBTg,LIVEKellyandRyan,18,2jhwGiO5XJ8
181,24,UCp0hYYBW6IMayGgR-WeoCvQ,TheEllenShow,14,bye513KciIk
182,26,UCGwPbAQdGA3_88WBuGtg9tw,grav3yardgirl,21,fJJBAwiOjRI
183,22,UCe9oofjVfJzapRyVlt57x8Q,Marzia,18,oOAohDViea4
184,1,UCYUQQgogVeQY8cMQamhHJcg,CinemaSins,16,Hlch9lKAeXo
185,24,UCBR8-60-B28hp2BmDPdntcQ,YouTube Spotlight,17,FlsCjmMhFmw
186,27,UCsXVk37bltHxD1rDPwtNM8Q,Kurzgesagt – In a Nutshell,14,kl39KHS07Xc
187,28,UC3KEoMzNz8eYnwBC34RaKCQ,Simone Giertz,19,8mQelXnPxUQ
188,24,UCy6D16zE_mMEm1HVD20WFxA,Watch What Happens Live with Andy Cohen,12,hpvDsw1D29w
189,23,UCWXCrItCF6ZgXrdozUS-Idw,ExplosmEntertainment,06,r8FQ5wUYm9c
190,17,UCWJ2lWNubArHWmf3FIHbfcQ,NBA,00,MtFjRvKfv70
191,24,UCqFzWxSCi39LnW1JKFR3efg,Saturday Night Live,20,iU4J2FF23Do
192,23,UCNyJk0eoESO3CxAmrktAB5w,Whitney Avalon,17,MUB-h2NeQYA
193,20,UCnXDQbqIdp-HQuDyM4p12ng,PLAYERUNKNOWN'S BATTLEGROUNDS,04,6TOSV3-7hzU
194,22,UCHJuQZuzapBh-CuhRYxIZrg,INSIDER,21,RdAKIVgTKuw
195,10,UCjjC1Jk_1o1VWpLalgo21XQ,GEazyMusicVEVO,05,HKIIgYFhQlE
196,26,UCoMum0pwewO8_WtTlUQxGHw,CupcakeJemma,18,ySBjb4_JGtY
197,22,UC18vz5hUUqxbGvym9ghtX_w,Full Frontal with Samantha Bee,07,_72fqgEevOo
198,20,UCuhwvTYFvVZjyBVXc9T7CrA,DanAndPhilGAMES,23,8KaKWPJq5dY
199,24,UCBTTI-zUgbt8whLszMqjvZw,The Unipiper,16,mQ8sFRuDyiU
200,10,UCGIelM2Dj3zza3xyV3pL3WQ,MigosVEVO,02,9v_rtaye2yY
201,24,UC0v-tlzsn0QZwJnkiaUSJVQ,FBE,22,fuHcdFPBKy0
202,24,UCq0OueAsdxH6b8nyAspwViw,Universal Pictures,01,vn9mMeWcgoM
203,26,UCjwmbv6NE4mOh8Z8VhPUx1Q,Rosanna Pansino,15,6i2cebTn0nc
204,24,UCSAUGyc_xA8uYzaIVG6MESQ,nigahiga,19,JBDWIGpKnwM
205,24,UCMtFAi84ehTSYSE9XoHefig,The Late Show with Stephen Colbert,08,00nmxR1mxIA
206,1,UC2-BeLxzUBSs0uSrmzWhJuQ,20th Century Fox,19,aj8mN_7Apcw
207,26,UCckETVOT59aYw80B36aP9vw,Matthias Wandel,12,iGXYZwZEZa0
208,24,UCWOA1ZGywLbqmigxE4Qlvuw,Netflix,21,QK_iX5cPDhE
209,23,UCQG4cX86zZ51IU2cerZgPSA,Awkward Puppets,17,bo8OYPYRTIY
210,10,UC20vb-R_px4CguHzzBPhoyQ,EminemVEVO,05,56KYMMGudcU
211,26,UCG9nVSLp4nQlW79sY5ihRrg,Desi Perkins,01,uwUchGQRXKM
212,23,UC8-Th83bH_thdKZDJCrn88g,The Tonight Show Starring Jimmy Fallon,11,Ub53c95Soqk
213,26,UCPD_bxCRGpmmeQcbe2kpPaA,First We Feast,16,__4c1JCHvaQ
214,20,UCqDS7KWjAPKv-7ZSlro9OiQ,thegameawards,08,Bs5Ml7_2wT0
215,23,UCVTyTA7-g9nopHeHbeuvpRA,Late Night with Seth Meyers,02,NyNQLRhsAsk
216,24,UCCj956IF62FbT7Gouszaj9w,BBC,18,Zi9MkiQzl20
217,20,UCGIY_O-8vW4rfX98KlMkvRg,Nintendo,02,dyBFAX4SDEc
218,24,UCJ0uqCI0Vqr2Rrt1HseGirg,The Late Late Show with James Corden,05,vW7H-DKivX8
219,25,UCLXo7UDZvByw2ixzpQCufnA,Vox,13,EZSCtgfmEO0
220,22,UCay_OLhWtf9iklq8zg_or0g,Boldly,16,H4CkXh3FSo8
221,22,UCrUbqTCagwsaP2Fmr0p1TsA,MoreZoella,16,oXE-ssvbhQA
222,22,UCpko_-a4wgz2u_DgDgd9fqA,BuzzFeedVideo,01,aphpJi5jKrM
223,24,UCucot-Zp428OwkyRm2I7v2Q,James Charles,21,Y26pMy4jf8U
224,25,UCVxBA3Cbu3pm8w8gEIoMEog,ABC7,08,sFMehG2tDcA
225,10,UC3Pa0DVzVkqEN_CwsNMapqg,SamSmithWorldVEVO,00,eYJCjVkOImU
226,24,UCa6vGFO9ty8v5KZJXQxdhaw,Jimmy Kimmel Live,12,jibff9m0SjQ
227,10,UCFbRdRGijPR4oBjQ0fVCSmw,Björk,15,Sqbv7cCM5AI
228,10,UCR5BwOS3Gb4uQtxRYRUQ7ng,LouisTomlinsonVEVO,16,inZzcTXYowY
229,1,UC7-E5xhZBZdW-8d7V80mzfg,Jenny Nicholson,13,OVa-sqcDYZ4
230,24,UCR4wTAyVbbX-IiBiGCgIBTg,LIVEKellyandRyan,18,2jhwGiO5XJ8
231,24,UCp0hYYBW6IMayGgR-WeoCvQ,TheEllenShow,14,bye513KciIk
232,26,UCGwPbAQdGA3_88WBuGtg9tw,grav3yardgirl,21,fJJBAwiOjRI
233,22,UCe9oofjVfJzapRyVlt57x8Q,Marzia,18,oOAohDViea4
234,1,UCYUQQgogVeQY8cMQamhHJcg,CinemaSins,16,Hlch9lKAeXo
235,24,UCBR8-60-B28hp2BmDPdntcQ,YouTube Spotlight,17,FlsCjmMhFmw
236,27,UCsXVk37bltHxD1rDPwtNM8Q,Kurzgesagt – In a Nutshell,14,kl39KHS07Xc
237,28,UC3KEoMzNz8eYnwBC34RaKCQ,Simone Giertz,19,8mQelXnPxUQ
238,24,UCy6D16zE_mMEm1HVD20WFxA,Watch What Happens Live with Andy Cohen,12,hpvDsw1D29w
239,23,UCWXCrItCF6ZgXrdozUS-Idw,ExplosmEntertainment,06,r8FQ5wUYm9c
240,17,UCWJ2lWNubArHWmf3FIHbfcQ,NBA,00,MtFjRvKfv70
241,24,UCqFzWxSCi39LnW1JKFR3efg,Saturday Night Live,20,iU4J2FF23Do
242,23,UCNyJk0eoESO3CxAmrktAB5w,Whitney Avalon,17,MUB-h2NeQYA
243,20,UCnXDQbqIdp-HQuDyM4p12ng,PLAYERUNKNOWN'S BATTLEGROUNDS,04,6TOSV3-7hzU
244,22,UCHJuQZuzapBh-CuhRYxIZrg,INSIDER,21,RdAKIVgTKuw
245,10,UCjjC1Jk_1o1VWpLalgo21XQ,GEazyMusicVEVO,05,HKIIgYFhQlE
246,26,UCoMum0pwewO8_WtTlUQxGHw,CupcakeJemma,18,ySBjb4_JGtY
247,22,UC18vz5hUUqxbGvym9ghtX_w,Full Frontal with Samantha Bee,07,_72fqgEevOo
248,20,UCuhwvTYFvVZjyBVXc9T7CrA,DanAndPhilGAMES,23,8KaKWPJq5dY
249,24,UCBTTI-zUgbt8whLszMqjvZw,The Unipiper,16,mQ8sFRuDyiU
250,10,UCGIelM2Dj3zza3xyV3pL3WQ,MigosVEVO,02,9v_rtaye2yY
251,24,UC0v-tlzsn0QZwJnkiaUSJVQ,FBE,22,fuHcdFPBKy0
252,24,UCq0OueAsdxH6b8nyAspwViw,Universal Pictures,01,vn9mMeWcgoM
253,26,UCjwmbv6NE4mOh8Z8VhPUx1Q,Rosanna Pansino,15,6i2cebTn0nc
254,24,UCSAUGyc_xA8uYzaIVG6MESQ,nigahiga,19,JBDWIGpKnwM
255,24,UCMtFAi84ehTSYSE9XoHefig,The Late Show with Stephen Colbert,08,00nmxR1mxIA
256,1,UC2-BeLxzUBSs0uSrmzWhJuQ,20th Century Fox,19,aj8mN_7Apcw
257,26,UCckETVOT59aYw80B36aP9vw,Matthias Wandel,12,iGXYZwZEZa0
258,24,UCWOA1ZGywLbqmigxE4Qlvuw,Netflix,21,QK_iX5cPDhE
259,23,UCQG4cX86zZ51IU2cerZgPSA,Awkward Puppets,17,bo8OYPYRTIY
260,10,UC20vb-R_px4CguHzzBPhoyQ,EminemVEVO,05,56KYMMGudcU
261,26,UCG9nVSLp4nQlW79sY5ihRrg,Desi Perkins,01,uwUchGQRXKM
262,23,UC8-Th83bH_thdKZDJCrn88g,The Tonight Show Starring Jimmy Fallon,11,Ub53c95Soqk
263,26,UCPD_bxCRGpmmeQcbe2kpPaA,First We Feast,16,__4c1JCHvaQ
264,20,UCqDS7KWjAPKv-7ZSlro9OiQ,thegameawards,08,Bs5Ml7_2wT0
265,23,UCVTyTA7-g9nopHeHbeuvpRA,Late Night with Seth Meyers,02,NyNQLRhsAsk
266,24,UCCj956IF62FbT7Gouszaj9w,BBC,18,Zi9MkiQzl20
267,20,UCGIY_O-8vW4rfX98KlMkvRg,Nintendo,02,dyBFAX4SDEc
268,24,UCJ0uqCI0Vqr2Rrt1HseGirg,The Late Late Show with James Corden,05,vW7H-DKivX8
269,25,UCLXo7UDZvByw2ixzpQCufnA,Vox,13,EZSCtgfmEO0
270,22,UCay_OLhWtf9iklq8zg_or0g,Boldly,16,H4CkXh3FSo8
271,22,UCrUbqTCagwsaP2Fmr0p1TsA,MoreZoella,16,oXE-ssvbhQA
272,22,UCpko_-a4wgz2u_DgDgd9fqA,BuzzFeedVideo,01,aphpJi5jKrM
273,24,UCucot-Zp428OwkyRm2I7v2Q,James Charles,21,Y26pMy4jf8U
274,25,UCVxBA3Cbu3pm8w8gEIoMEog,ABC7,08,sFMehG2tDcA
275,10,UC3Pa0DVzVkqEN_CwsNMapqg,SamSmithWorldVEVO,00,eYJCjVkOImU
276,24,UCa6vGFO9ty8v5KZJXQxdhaw,Jimmy Kimmel Live,12,jibff9m0SjQ
277,10,UCFbRdRGijPR4oBjQ0fVCSmw,Björk,15,Sqbv7cCM5AI
278,10,UCR5BwOS3Gb4uQtxRYRUQ7ng,LouisTomlinsonVEVO,16,inZzcTXYowY
279,1,UC7-E5xhZBZdW-8d7V80mzfg,Jenny Nicholson,13,OVa-sqcDYZ4
280,24,UCR4wTAyVbbX-IiBiGCgIBTg,LIVEKellyandRyan,18,2jhwGiO5XJ8
281,24,UCp0hYYBW6IMayGgR-WeoCvQ,TheEllenShow,14,bye513KciIk
282,26,UCGwPbAQdGA3_88WBuGtg9tw,grav3yardgirl,21,fJJBAwiOjRI
283,22,UCe9oofjVfJzapRyVlt57x8Q,Marzia,18,oOAohDViea4
284,1,UCYUQQgogVeQY8cMQamhHJcg,CinemaSins,16,Hlch9lKAeXo
285,24,UCBR8-60-B28hp2BmDPdntcQ,YouTube Spotlight,17,FlsCjmMhFmw
286,27,UCsXVk37bltHxD1rDPwtNM8Q,Kurzgesagt – In a Nutshell,14,kl39KHS07Xc
287,28,UC3KEoMzNz8eYnwBC34RaKCQ,Simone Giertz,19,8mQelXnPxUQ
288,24,UCy6D16zE_mMEm1HVD20WFxA,Watch What Happens Live with Andy Cohen,12,hpvDsw1D29w
289,23,UCWXCrItCF6ZgXrdozUS-Idw,ExplosmEntertainment,06,r8FQ5wUYm9c
290,17,UCWJ2lWNubArHWmf3FIHbfcQ,NBA,00,MtFjRvKfv70
291,24,UCqFzWxSCi39LnW1JKFR3efg,Saturday Night Live,20,iU4J2FF23Do
292,23,UCNyJk0eoESO3CxAmrktAB5w,Whitney Avalon,17,MUB-h2NeQYA
293,20,UCnXDQbqIdp-HQuDyM4p12ng,PLAYERUNKNOWN'S BATTLEGROUNDS,04,6TOSV3-7hzU
294,22,UCHJuQZuzapBh-CuhRYxIZrg,INSIDER,21,RdAKIVgTKuw
295,10,UCjjC1Jk_1o1VWpLalgo21XQ,GEazyMusicVEVO,05,HKIIgYFhQlE
296,26,UCoMum0pwewO8_WtTlUQxGHw,CupcakeJemma,18,ySBjb4_JGtY
297,22,UC18vz5hUUqxbGvym9ghtX_w,Full Frontal with Samantha Bee,07,_72fqgEevOo
298,20,UCuhwvTYFvVZjyBVXc9T7CrA,DanAndPhilGAMES,23,8KaKWPJq5dY
299,24,UCBTTI-zUgbt8whLszMqjvZw,The Unipiper,16,mQ8sFRuDyiU
300,10,UCGIelM2Dj3zza3xyV3pL3WQ,MigosVEVO,02,9v_rtaye2yY
301,24,UC0v-tlzsn0QZwJnkiaUSJVQ,FBE,22,fuHcdFPBKy0
302,24,UCq0OueAsdxH6b8nyAspwViw,Universal Pictures,01,vn9mMeWcgoM
303,26,UCjwmbv6NE4mOh8Z8VhPUx1Q,Rosanna Pansino,15,6i2cebTn0nc
304,24,UCSAUGyc_xA8uYzaIVG6MESQ,nigahiga,19,JBDWIGpKnwM
305,24,UCMtFAi84ehTSYSE9XoHefig,The Late Show with Stephen Colbert,08,00nmxR1mxIA
306,1,UC2-BeLxzUBSs0uSrmzWhJuQ,20th Century Fox,19,aj8mN_7Apcw
307,26,UCckETVOT59aYw80B36aP9vw,Matthias Wandel,12,iGXYZwZEZa0
308,24,UCWOA1ZGywLbqmigxE4Qlvuw,Netflix,21,QK_iX5cPDhE
309,23,UCQG4cX86zZ51IU2cerZgPSA,Awkward Puppets,17,bo8OYPYRTIY
310,10,UC20vb-R_px4CguHzzBPhoyQ,EminemVEVO,05,56KYMMGudcU
311,26,UCG9nVSLp4nQlW79sY5ihRrg,Desi Perkins,01,uwUchGQRXKM
312,23,UC8-Th83bH_thdKZDJCrn88g,The Tonight Show Starring Jimmy Fallon,11,Ub53c95Soqk
313,26,UCPD_bxCRGpmmeQcbe2kpPaA,First We Feast,16,__4c1JCHvaQ
314,20,UCqDS7KWjAPKv-7ZSlro9OiQ,thegameawards,08,Bs5Ml7_2wT0
315,23,UCVTyTA7-g9nopHeHbeuvpRA,Late Night with Seth Meyers,02,NyNQLRhsAsk
316,24,UCCj956IF62FbT7Gouszaj9w,BBC,18,Zi9MkiQzl20
317,20,UCGIY_O-8vW4rfX98KlMkvRg,Nintendo,02,dyBFAX4SDEc
318,24,UCJ0uqCI0Vqr2Rrt1HseGirg,The Late Late Show with James Corden,05,vW7H-DKivX8
319,25,UCLXo7UDZvByw2ixzpQCufnA,Vox,13,EZSCtgfmEO0
320,22,UCay_OLhWtf9iklq8zg_or0g,Boldly,16,H4CkXh3FSo8
321,22,UCrUbqTCagwsaP2Fmr0p1TsA,MoreZoella,16,oXE-ssvbhQA
322,22,UCpko_-a4wgz2u_DgDgd9fqA,BuzzFeedVideo,01,aphpJi5jKrM
323,24,UCucot-Zp428OwkyRm2I7v2Q,James Charles,21,Y26pMy4jf8U
324,25,UCVxBA3Cbu3pm8w8gEIoMEog,ABC7,08,sFMehG2tDcA
325,10,UC3Pa0DVzVkqEN_CwsNMapqg,SamSmithWorldVEVO,00,eYJCjVkOImU
326,24,UCa6vGFO9ty8v5KZJXQxdhaw,Jimmy Kimmel Live,12,jibff9m0SjQ
327,10,UCFbRdRGijPR4oBjQ0fVCSmw,Björk,15,Sqbv7cCM5AI
328,10,UCR5BwOS3Gb4uQtxRYRUQ7ng,LouisTomlinsonVEVO,16,inZzcTXYowY
329,1,UC7-E5xhZBZdW-8d7V80mzfg,Jenny Nicholson,13,OVa-sqcDYZ4
330,24,UCR4wTAyVbbX-IiBiGCgIBTg,LIVEKellyandRyan,18,2jhwGiO5XJ8
331,24,UCp0hYYBW6IMayGgR-WeoCvQ,TheEllenShow,14,bye513KciIk
332,26,UCGwPbAQdGA3_88WBuGtg9tw,grav3yardgirl,21,fJJBAwiOjRI
333,22,UCe9oofjVfJzapRyVlt57x8Q,Marzia,18,oOAohDViea4
334,1,UCYUQQgogVeQY8cMQamhHJcg,CinemaSins,16,Hlch9lKAeXo
335,24,UCBR8-60-B28hp2BmDPdntcQ,YouTube Spotlight,17,FlsCjmMhFmw
336,27,UCsXVk37bltHxD1rDPwtNM8Q,Kurzgesagt – In a Nutshell,14,kl39KHS07Xc
337,28,UC3KEoMzNz8eYnwBC34RaKCQ,Simone Giertz,19,8mQelXnPxUQ
338,24,UCy6D16zE_mMEm1HVD20WFxA,Watch What Happens Live with Andy Cohen,12,hpvDsw1D29w
339,23,UCWXCrItCF6ZgXrdozUS-Idw,ExplosmEntertainment,06,r8FQ5wUYm9c
340,17,UCWJ2lWNubArHWmf3FIHbfcQ,NBA,00,MtFjRvKfv70
341,24,UCqFzWxSCi39LnW1JKFR3efg,Saturday Night Live,20,iU4J2FF23Do
342,23,UCNyJk0eoESO3CxAmrktAB5w,Whitney Avalon,17,MUB-h2NeQYA
343,20,UCnXDQbqIdp-HQuDyM4p12ng,PLAYERUNKNOWN'S BATTLEGROUNDS,04,6TOSV3-7hzU
344,22,UCHJuQZuzapBh-CuhRYxIZrg,INSIDER,21,RdAKIVgTKuw
345,10,UCjjC1Jk_1o1VWpLalgo21XQ,GEazyMusicVEVO,05,HKIIgYFhQlE
346,26,UCoMum0pwewO8_WtTlUQxGHw,CupcakeJemma,18,ySBjb4_JGtY
347,22,UC18vz5hUUqxbGvym9ghtX_w,Full Frontal with Samantha Bee,07,_72fqgEevOo
348,20,UCuhwvTYFvVZjyBVXc9T7CrA,DanAndPhilGAMES,23,8KaKWPJq5dY
349,24,UCBTTI-zUgbt8whLszMqjvZw,The Unipiper,16,mQ8sFRuDyiU
350,10,UCGIelM2Dj3zza3xyV3pL3WQ,MigosVEVO,02,9v_rtaye2yY
351,24,UC0v-tlzsn0QZwJnkiaUSJVQ,FBE,22,fuHcdFPBKy0
352,24,UCq0OueAsdxH6b8nyAspwViw,Universal Pictures,01,vn9mMeWcgoM
353,26,UCjwmbv6NE4mOh8Z8VhPUx1Q,Rosanna Pansino,15,6i2cebTn0nc
354,24,UCSAUGyc_xA8uYzaIVG6MESQ,nigahiga,19,JBDWIGpKnwM
355,24,UCMtFAi84ehTSYSE9XoHefig,The Late Show with Stephen Colbert,08,00nmxR1mxIA
356,1,UC2-BeLxzUBSs0uSrmzWhJuQ,20th Century Fox,19,aj8mN_7Apcw
357,26,UCckETVOT59aYw80B36aP9vw,Matthias Wandel,12,iGXYZwZEZa0
358,24,UCWOA1ZGywLbqmigxE4Qlvuw,Netflix,21,QK_iX5cPDhE
359,23,UCQG4cX86zZ51IU2cerZgPSA,Awkward Puppets,17,bo8OYPYRTIY
360,10,UC20vb-R_px4CguHzzBPhoyQ,EminemVEVO,05,56KYMMGudcU
361,26,UCG9nVSLp4nQlW79sY5ihRrg,Desi Perkins,01,uwUchGQRXKM
362,23,UC8-Th83bH_thdKZDJCrn88g,The Tonight Show Starring Jimmy Fallon,11,Ub53c95Soqk
363,26,UCPD_bxCRGpmmeQcbe2kpPaA,First We Feast,16,__4c1JCHvaQ
364,20,UCqDS7KWjAPKv-7ZSlro9OiQ,thegameawards,08,Bs5Ml7_2wT0
365,23,UCVTyTA7-g9nopHeHbeuvpRA,Late Night with Seth Meyers,02,NyNQLRhsAsk
366,24,UCCj956IF62FbT7Gouszaj9w,BBC,18,Zi9MkiQzl20
367,20,UCGIY_O-8vW4rfX98KlMkvRg,Nintendo,02,dyBFAX4SDEc
368,24,UCJ0uqCI0Vqr2Rrt1HseGirg,The Late Late Show with James Corden,05,vW7H-DKivX8
369,25,UCLXo7UDZvByw2ixzpQCufnA,Vox,13,EZSCtgfmEO0
370,22,UCay_OLhWtf9iklq8zg_or0g,Boldly,16,H4CkXh3FSo8
371,22,UCrUbqTCagwsaP2Fmr0p1TsA,MoreZoella,16,oXE-ssvbhQA
372,22,UCpko_-a4wgz2u_DgDgd9fqA,BuzzFeedVideo,01,aphpJi5jKrM
373,24,UCucot-Zp428OwkyRm2I7v2Q,James Charles,21,Y26pMy4jf8U
374,25,UCVxBA3Cbu3pm8w8gEIoMEog,ABC7,08,sFMehG2tDcA
375,10,UC3Pa0DVzVkqEN_CwsNMapqg,SamSmithWorldVEVO,00,eYJCjVkOImU
376,24,UCa6vGFO9ty8v5KZJXQxdhaw,Jimmy Kimmel Live,12,jibff9m0SjQ
377,10,UCFbRdRGijPR4oBjQ0fVCSmw,Björk,15,Sqbv7cCM5AI
378,10,UCR5BwOS3Gb4uQtxRYRUQ7ng,LouisTomlinsonVEVO,16,inZzcTXYowY
379,1,UC7-E5xhZBZdW-8d7V80mzfg,Jenny Nicholson,13,OVa-sqcDYZ4
380,24,UCR4wTAyVbbX-IiBiGCgIBTg,LIVEKellyandRyan,18,2jhwGiO5XJ8
381,24,UCp0hYYBW6IMayGgR-WeoCvQ,TheEllenShow,14,bye513KciIk
382,26,UCGwPbAQdGA3_88WBuGtg9tw,grav3yardgirl,21,fJJBAwiOjRI
383,22,UCe9oofjVfJzapRyVlt57x8Q,Marzia,18,oOAohDViea4
384,1,UCYUQQgogVeQY8cMQamhHJcg,CinemaSins,16,Hlch9lKAeXo
385,24,UCBR8-60-B28hp2BmDPdntcQ,YouTube Spotlight,17,FlsCjmMhFmw
386,27,UCsXVk37bltHxD1rDPwtNM8Q,Kurzgesagt – In a Nutshell,14,kl39KHS07Xc
387,28,UC3KEoMzNz8eYnwBC34RaKCQ,Simone Giertz,19,8mQelXnPxUQ
388,24,UCy6D16zE_mMEm1HVD20WFxA,Watch What Happens Live with Andy Cohen,12,hpvDsw1D29w
389,23,UCWXCrItCF6ZgXrdozUS-Idw,ExplosmEntertainment,06,r8FQ5wUYm9c
390,17,UCWJ2lWNubArHWmf3FIHbfcQ,NBA,00,MtFjRvKfv70
391,24,UCqFzWxSCi39LnW1JKFR3efg,Saturday Night Live,20,iU4J2FF23Do
392,23,UCNyJk0eoESO3CxAmrktAB5w,Whitney Avalon,17,MUB-h2NeQYA
393,20,UCnXDQbqIdp-HQuDyM4p12ng,PLAYERUNKNOWN'S BATTLEGROUNDS,04,6TOSV3-7hzU
394,22,UCHJuQZuzapBh-CuhRYxIZrg,INSIDER,21,RdAKIVgTKuw
395,10,UCjjC1Jk_1o1VWpLalgo21XQ,GEazyMusicVEVO,05,HKIIgYFhQlE
396,26,UCoMum0pwewO8_WtTlUQxGHw,CupcakeJemma,18,ySBjb4_JGtY
397,22,UC18vz5hUUqxbGvym9ghtX_w,Full Frontal with Samantha Bee,07,_72fqgEevOo
398,20,UCuhwvTYFvVZjyBVXc9T7CrA,DanAndPhilGAMES,23,8KaKWPJq5dY
399,24,UCBTTI-zUgbt8whLszMqjvZw,The Unipiper,16,mQ8sFRuDyiU
400,10,UCGIelM2Dj3zza3xyV3pL3WQ,MigosVEVO,02,9v_rtaye2yY
401,24,UC0v-tlzsn0QZwJnkiaUSJVQ,FBE,22,fuHcdFPBKy0
402,24,UCq0OueAsdxH6b8nyAspwViw,Universal Pictures,01,vn9mMeWcgoM
403,26,UCjwmbv6NE4mOh8Z8VhPUx1Q,Rosanna Pansino,15,6i2cebTn0nc
404,24,UCSAUGyc_xA8uYzaIVG6MESQ,nigahiga,19,JBDWIGpKnwM
405,24,UCMtFAi84ehTSYSE9XoHefig,The Late Show with Stephen Colbert,08,00nmxR1mxIA
406,1,UC2-BeLxzUBSs0uSrmzWhJuQ,20th Century Fox,19,aj8mN_7Apcw
407,26,UCckETVOT59aYw80B36aP9vw,Matthias Wandel,12,iGXYZwZEZa0
408,24,UCWOA1ZGywLbqmigxE4Qlvuw,Netflix,21,QK_iX5cPDhE
409,23,UCQG4cX86zZ51IU2cerZgPSA,Awkward Puppets,17,bo8OYPYRTIY
410,10,UC20vb-R_px4CguHzzBPhoyQ,EminemVEVO,05,56KYMMGudcU
411,26,UCG9nVSLp4nQlW79sY5ihRrg,Desi Perkins,01,uwUchGQRXKM
412,23,UC8-Th83bH_thdKZDJCrn88g,The Tonight Show Starring Jimmy Fallon,11,Ub53c95Soqk
413,26,UCPD_bxCRGpmmeQcbe2kpPaA,First We Feast,16,__4c1JCHvaQ
414,20,UCqDS7KWjAPKv-7ZSlro9OiQ,thegameawards,08,Bs5Ml7_2wT0
415,23,UCVTyTA7-g9nopHeHbeuvpRA,Late Night with Seth Meyers,02,NyNQLRhsAsk
416,24,UCCj956IF62FbT7Gouszaj9w,BBC,18,Zi9MkiQzl20
417,20,UCGIY_O-8vW4rfX98KlMkvRg,Nintendo,02,dyBFAX4SDEc
418,24,UCJ0uqCI0Vqr2Rrt1HseGirg,The Late Late Show with James Corden,05,vW7H-DKivX8
419,25,UCLXo7UDZvByw2ixzpQCufnA,Vox,13,EZSCtgfmEO0
420,22,UCay_OLhWtf9iklq8zg_or0g,Boldly,16,H4CkXh3FSo8
421,22,UCrUbqTCagwsaP2Fmr0p1TsA,MoreZoella,16,oXE-ssvbhQA
422,22,UCpko_-a4wgz2u_DgDgd9fqA,BuzzFeedVideo,01,aphpJi5jKrM
423,24,UCucot-Zp428OwkyRm2I7v2Q,James Charles,21,Y26pMy4jf8U
424,25,UCVxBA3Cbu3pm8w8gEIoMEog,ABC7,08,sFMehG2tDcA
425,10,UC3Pa0DVzVkqEN_CwsNMapqg,SamSmithWorldVEVO,00,eYJCjVkOImU
426,24,UCa6vGFO9ty8v5KZJXQxdhaw,Jimmy Kimmel Live,12,jibff9m0SjQ
427,10,UCFbRdRGijPR4oBjQ0fVCSmw,Björk,15,Sqbv7cCM5AI
428,10,UCR5BwOS3Gb4uQtxRYRUQ7ng,LouisTomlinsonVEVO,16,inZzcTXYowY
429,1,UC7-E5xhZBZdW-8d7V80mzfg,Jenny Nicholson,13,OVa-sqcDYZ4
430,24,UCR4wTAyVbbX-IiBiGCgIBTg,LIVEKellyandRyan,18,2jhwGiO5XJ8
431,24,UCp0hYYBW6IMayGgR-WeoCvQ,TheEllenShow,14,bye513KciIk
432,26,UCGwPbAQdGA3_88WBuGtg9tw,grav3yardgirl,21,fJJBAwiOjRI
433,22,UCe9oofjVfJzapRyVlt57x8Q,Marzia,18,oOAohDViea4
434,1,UCYUQQgogVeQY8cMQamhHJcg,CinemaSins,16,Hlch9lKAeXo
435,24,UCBR8-60-B28hp2BmDPdntcQ,YouTube Spotlight,17,FlsCjmMhFmw
436,27,UCsXVk37bltHxD1rDPwtNM8Q,Kurzgesagt – In a Nutshell,14,kl39KHS07Xc
437,28,UC3KEoMzNz8eYnwBC34RaKCQ,Simone Giertz,19,8mQelXnPxUQ
438,24,UCy6D16zE_mMEm1HVD20WFxA,Watch What Happens Live with Andy Cohen,12,hpvDsw1D29w
439,23,UCWXCrItCF6ZgXrdozUS-Idw,ExplosmEntertainment,06,r8FQ5wUYm9c
440,17,UCWJ2lWNubArHWmf3FIHbfcQ,NBA,00,MtFjRvKfv70
441,24,UCqFzWxSCi39LnW1JKFR3efg,Saturday Night Live,20,iU4J2FF23Do
442,23,UCNyJk0eoESO3CxAmrktAB5w,Whitney Avalon,17,MUB-h2NeQYA
443,20,UCnXDQbqIdp-HQuDyM4p12ng,PLAYERUNKNOWN'S BATTLEGROUNDS,04,6TOSV3-7hzU
444,22,UCHJuQZuzapBh-CuhRYxIZrg,INSIDER,21,RdAKIVgTKuw
445,10,UCjjC1Jk_1o1VWpLalgo21XQ,GEazyMusicVEVO,05,HKIIgYFhQlE
446,26,UCoMum0pwewO8_WtTlUQxGHw,CupcakeJemma,18,ySBjb4_JGtY
447,22,UC18vz5hUUqxbGvym9ghtX_w,Full Frontal with Samantha Bee,07,_72fqgEevOo
448,20,UCuhwvTYFvVZjyBVXc9T7CrA,DanAndPhilGAMES,23,8KaKWPJq5dY
449,24,UCBTTI-zUgbt8whLszMqjvZw,The Unipiper,16,mQ8sFRuDyiU
450,10,UCGIelM2Dj3zza3xyV3pL3WQ,MigosVEVO,02,9v_rtaye2yY
451,24,UC0v-tlzsn0QZwJnkiaUSJVQ,FBE,22,fuHcdFPBKy0
452,24,UCq0OueAsdxH6b8nyAspwViw,Universal Pictures,01,vn9mMeWcgoM
453,26,UCjwmbv6NE4mOh8Z8VhPUx1Q,Rosanna Pansino,15,6i2cebTn0nc
454,24,UCSAUGyc_xA8uYzaIVG6MESQ,nigahiga,19,JBDWIGpKnwM
455,24,UCMtFAi84ehTSYSE9XoHefig,The Late Show with Stephen Colbert,08,00nmxR1mxIA
456,1,UC2-BeLxzUBSs0uSrmzWhJuQ,20th Century Fox,19,aj8mN_7Apcw
457,26,UCckETVOT59aYw80B36aP9vw,Matthias Wandel,12,iGXYZwZEZa0
458,24,UCWOA1ZGywLbqmigxE4Qlvuw,Netflix,21,QK_iX5cPDhE
459,23,UCQG4cX86zZ51IU2cerZgPSA,Awkward Puppets,17,bo8OYPYRTIY
460,10,UC20vb-R_px4CguHzzBPhoyQ,EminemVEVO,05,56KYMMGudcU
461,26,UCG9nVSLp4nQlW79sY5ihRrg,Desi Perkins,01,uwUchGQRXKM
462,23,UC8-Th83bH_thdKZDJCrn88g,The Tonight Show Starring Jimmy Fallon,11,Ub53c95Soqk
463,26,UCPD_bxCRGpmmeQcbe2kpPaA,First We Feast,16,__4c1JCHvaQ
464,20,UCqDS7KWjAPKv-7ZSlro9OiQ,thegameawards,08,Bs5Ml7_2wT0
465,23,UCVTyTA7-g9nopHeHbeuvpRA,Late Night with Seth Meyers,02,NyNQLRhsAsk
466,24,UCCj956IF62FbT7Gouszaj9w,BBC,18,Zi9MkiQzl20
467,20,UCGIY_O-8vW4rfX98KlMkvRg,Nintendo,02,dyBFAX4SDEc
468,24,UCJ0uqCI0Vqr2Rrt1HseGirg,The Late Late Show with James Corden,05,vW7H-DKivX8
469,25,UCLXo7UDZvByw2ixzpQCufnA,Vox,13,EZSCtgfmEO0
470,22,UCay_OLhWtf9iklq8zg_or0g,Boldly,16,H4CkXh3FSo8
471,22,UCrUbqTCagwsaP2Fmr0p1TsA,MoreZoella,16,oXE-ssvbhQA
472,22,UCpko_-a4wgz2u_DgDgd9fqA,BuzzFeedVideo,01,aphpJi5jKrM
473,24,UCucot-Zp428OwkyRm2I7v2Q,James Charles,21,Y26pMy4jf8U
474,25,UCVxBA3Cbu3pm8w8gEIoMEog,ABC7,08,sFMehG2tDcA
475,10,UC3Pa0DVzVkqEN_CwsNMapqg,SamSmithWorldVEVO,00,eYJCjVkOImU
476,24,UCa6vGFO9ty8v5KZJXQxdhaw,Jimmy Kimmel Live,12,jibff9m0SjQ
477,10,UCFbRdRGijPR4oBjQ0fVCSmw,Björk,15,Sqbv7cCM5AI
478,10,UCR5BwOS3Gb4uQtxRYRUQ7ng,LouisTomlinsonVEVO,16,inZzcTXYowY
479,1,UC7-E5xhZBZdW-8d7V80mzfg,Jenny Nicholson,13,OVa-sqcDYZ4
480,24,UCR4wTAyVbbX-IiBiGCgIBTg,LIVEKellyandRyan,18,2jhwGiO5XJ8
481,24,UCp0hYYBW6IMayGgR-WeoCvQ,TheEllenShow,14,bye513KciIk
482,26,UCGwPbAQdGA3_88WBuGtg9tw,grav3yardgirl,21,fJJBAwiOjRI
483,22,UCe9oofjVfJzapRyVlt57x8Q,Marzia,18,oOAohDViea4
484,1,UCYUQQgogVeQY8cMQamhHJcg,CinemaSins,16,Hlch9lKAeXo
485,24,UCBR8-60-B28hp2BmDPdntcQ,YouTube Spotlight,17,FlsCjmMhFmw
486,27,UCsXVk37bltHxD1rDPwtNM8Q,Kurzgesagt – In a Nutshell,14,kl39KHS07Xc
487,28,UC3KEoMzNz8eYnwBC34RaKCQ,Simone Giertz,19,8mQelXnPxUQ
488,24,UCy6D16zE_mMEm1HVD20WFxA,Watch What Happens Live with Andy Cohen,12,hpvDsw1D29w
489,23,UCWXCrItCF6ZgXrdozUS-Idw,ExplosmEntertainment,06,r8FQ5wUYm9c
490,17,UCWJ2lWNubArHWmf3FIHbfcQ,NBA,00,MtFjRvKfv70
491,24,UCqFzWxSCi39LnW1JKFR3efg,Saturday Night Live,20,iU4J2FF23Do
492,23,UCNyJk0eoESO3CxAmrktAB5w,Whitney Avalon,17,MUB-h2NeQYA
493,20,UCnXDQbqIdp-HQuDyM4p12ng,PLAYERUNKNOWN'S BATTLEGROUNDS,04,6TOSV3-7hzU
494,22,UCHJuQZuzapBh-CuhRYxIZrg,INSIDER,21,RdAKIVgTKuw
495,10,UCjjC1Jk_1o1VWpLalgo21XQ,GEazyMusicVEVO,05,HKIIgYFhQlE
496,26,UCoMum0pwewO8_WtTlUQxGHw,CupcakeJemma,18,ySBjb4_JGtY
497,22,UC18vz5hUUqxbGvym9ghtX_w,Full Frontal with Samantha Bee,07,_72fqgEevOo
498,20,UCuhwvTYFvVZjyBVXc9T7CrA,DanAndPhilGAMES,23,8KaKWPJq5dY
499,24,UCBTTI-zUgbt8whLszMqjvZw,The Unipiper,16,mQ8sFRuDyiU
