,CountryCode,categoryId,channelId,channelTitle,publishedAt,videoId
0,US,10,UCGIelM2Dj3zza3xyV3pL3WQ,MigosVEVO,02,9v_rtaye2yY
1,US,24,UC0v-tlzsn0QZwJnkiaUSJVQ,FBE,22,fuHcdFPBKy0
2,US,26,UCjwmbv6NE4mOh8Z8VhPUx1Q,Rosanna Pansino,15,6i2cebTn0nc
3,US,24,UCq0OueAsdxH6b8nyAspwViw,Universal Pictures,01,vn9mMeWcgoM
4,US,24,UCMtFAi84ehTSYSE9XoHefig,The Late Show with Stephen Colbert,08,00nmxR1mxIA
5,US,24,UCSAUGyc_xA8uYzaIVG6MESQ,nigahiga,19,JBDWIGpKnwM
6,US,23,UCQG4cX86zZ51IU2cerZgPSA,Awkward Puppets,17,bo8OYPYRTIY
7,US,24,UCWOA1ZGywLbqmigxE4Qlvuw,Netflix,21,QK_iX5cPDhE
8,US,1,UC2-BeLxzUBSs0uSrmzWhJuQ,20th Century Fox,19,aj8mN_7Apcw
9,US,26,UCckETVOT59aYw80B36aP9vw,Matthias Wandel,12,iGXYZwZEZa0
10,US,10,UC20vb-R_px4CguHzzBPhoyQ,EminemVEVO,05,56KYMMGudcU
11,US,23,UC8-Th83bH_thdKZDJCrn88g,The Tonight Show Starring Jimmy Fallon,11,Ub53c95Soqk
12,US,26,UCG9nVSLp4nQlW79sY5ihRrg,Desi Perkins,01,uwUchGQRXKM
13,US,24,UCCj956IF62FbT7Gouszaj9w,BBC,18,Zi9MkiQzl20
14,US,26,UCPD_bxCRGpmmeQcbe2kpPaA,First We Feast,16,__4c1JCHvaQ
15,US,20,UCqDS7KWjAPKv-7ZSlro9OiQ,thegameawards,08,Bs5Ml7_2wT0
16,US,23,UCVTyTA7-g9nopHeHbeuvpRA,Late Night with Seth Meyers,02,NyNQLRhsAsk
17,US,20,UCGIY_O-8vW4rfX98KlMkvRg,Nintendo,02,dyBFAX4SDEc
18,US,24,UCJ0uqCI0Vqr2Rrt1HseGirg,The Late Late Show with James Corden,05,vW7H-DKivX8
19,US,25,UCLXo7UDZvByw2ixzpQCufnA,Vox,13,EZSCtgfmEO0
20,US,22,UCay_OLhWtf9iklq8zg_or0g,Boldly,16,H4CkXh3FSo8
21,US,22,UCrUbqTCagwsaP2Fmr0p1TsA,MoreZoella,16,oXE-ssvbhQA
22,US,22,UCpko_-a4wgz2u_DgDgd9fqA,BuzzFeedVideo,01,aphpJi5jKrM
23,US,10,UCFbRdRGijPR4oBjQ0fVCSmw,Björk,15,Sqbv7cCM5AI
24,US,24,UCucot-Zp428OwkyRm2I7v2Q,James Charles,21,Y26pMy4jf8U
25,US,25,UCVxBA3Cbu3pm8w8gEIoMEog,ABC7,08,sFMehG2tDcA
26,US,10,UC3Pa0DVzVkqEN_CwsNMapqg,SamSmithWorldVEVO,00,eYJCjVkOImU
27,US,24,UCR4wTAyVbbX-IiBiGCgIBTg,LIVEKellyandRyan,18,2jhwGiO5XJ8
28,US,1,UC7-E5xhZBZdW-8d7V80mzfg,Jenny Nicholson,13,OVa-sqcDYZ4
29,US,24,UCa6vGFO9ty8v5KZJXQxdhaw,Jimmy Kimmel Live,12,jibff9m0SjQ
30,US,10,UCR5BwOS3Gb4uQtxRYRUQ7ng,LouisTomlinsonVEVO,16,inZzcTXYowY
31,US,24,UCp0hYYBW6IMayGgR-WeoCvQ,TheEllenShow,14,bye513KciIk
32,US,26,UCGwPbAQdGA3_88WBuGtg9tw,grav3yardgirl,21,fJJBAwiOjRI
33,US,22,UCe9oofjVfJzapRyVlt57x8Q,Marzia,18,oOAohDViea4
34,US,1,UCYUQQgogVeQY8cMQamhHJcg,CinemaSins,16,Hlch9lKAeXo
35,US,24,UCBR8-60-B28hp2BmDPdntcQ,YouTube Spotlight,17,FlsCjmMhFmw
36,US,28,UC3KEoMzNz8eYnwBC34RaKCQ,Simone Giertz,19,8mQelXnPxUQ
37,US,27,UCsXVk37bltHxD1rDPwtNM8Q,Kurzgesagt – In a Nutshell,14,kl39KHS07Xc
38,US,23,UCNyJk0eoESO3CxAmrktAB5w,Whitney Avalon,17,MUB-h2NeQYA
39,US,24,UCy6D16zE_mMEm1HVD20WFxA,Watch What Happens Live with Andy Cohen,12,hpvDsw1D29w
40,US,23,UCWXCrItCF6ZgXrdozUS-Idw,ExplosmEntertainment,06,r8FQ5wUYm9c
41,US,24,UCqFzWxSCi39LnW1JKFR3efg,Saturday Night Live,20,iU4J2FF23Do
42,US,17,UCWJ2lWNubArHWmf3FIHbfcQ,NBA,00,MtFjRvKfv70
43,US,22,UCHJuQZuzapBh-CuhRYxIZrg,INSIDER,21,RdAKIVgTKuw
44,US,20,UCnXDQbqIdp-HQuDyM4p12ng,PLAYERUNKNOWN'S BATTLEGROUNDS,04,6TOSV3-7hzU
45,US,10,UCjjC1Jk_1o1VWpLalgo21XQ,GEazyMusicVEVO,05,HKIIgYFhQlE
46,US,22,UC18vz5hUUqxbGvym9ghtX_w,Full Frontal with Samantha Bee,07,_72fqgEevOo
47,US,26,UCoMum0pwewO8_WtTlUQxGHw,CupcakeJemma,18,ySBjb4_JGtY
48,US,20,UCuhwvTYFvVZjyBVXc9T7CrA,DanAndPhilGAMES,23,8KaKWPJq5dY
49,US,24,UCBTTI-zUgbt8whLszMqjvZw,The Unipiper,16,mQ8sFRuDyiU
50,US,10,UCGIelM2Dj3zza3xyV3pL3WQ,MigosVEVO,02,9v_rtaye2yY
51,US,24,UC0v-tlzsn0QZwJnkiaUSJVQ,FBE,22,fuHcdFPBKy0
52,US,26,UCjwmbv6NE4mOh8Z8VhPUx1Q,Rosanna Pansino,15,6i2cebTn0nc
53,US,24,UCq0OueAsdxH6b8nyAspwViw,Universal Pictures,01,vn9mMeWcgoM
54,US,24,UCMtFAi84ehTSYSE9XoHefig,The Late Show with Stephen Colbert,08,00nmxR1mxIA
55,US,24,UCSAUGyc_xA8uYzaIVG6MESQ,nigahiga,19,JBDWIGpKnwM
56,US,23,UCQG4cX86zZ51IU2cerZgPSA,Awkward Puppets,17,bo8OYPYRTIY
57,US,24,UCWOA1ZGywLbqmigxE4Qlvuw,Netflix,21,QK_iX5cPDhE
58,US,1,UC2-BeLxzUBSs0uSrmzWhJuQ,20th Century Fox,19,aj8mN_7Apcw
59,US,26,UCckETVOT59aYw80B36aP9vw,Matthias Wandel,12,iGXYZwZEZa0
60,US,10,UC20vb-R_px4CguHzzBPhoyQ,EminemVEVO,05,56KYMMGudcU
61,US,23,UC8-Th83bH_thdKZDJCrn88g,The Tonight Show Starring Jimmy Fallon,11,Ub53c95Soqk
62,US,26,UCG9nVSLp4nQlW79sY5ihRrg,Desi Perkins,01,uwUchGQRXKM
63,US,24,UCCj956IF62FbT7Gouszaj9w,BBC,18,Zi9MkiQzl20
64,US,26,UCPD_bxCRGpmmeQcbe2kpPaA,First We Feast,16,__4c1JCHvaQ
65,US,20,UCqDS7KWjAPKv-7ZSlro9OiQ,thegameawards,08,Bs5Ml7_2wT0
66,US,23,UCVTyTA7-g9nopHeHbeuvpRA,Late Night with Seth Meyers,02,NyNQLRhsAsk
67,US,20,UCGIY_O-8vW4rfX98KlMkvRg,Nintendo,02,dyBFAX4SDEc
68,US,24,UCJ0uqCI0Vqr2Rrt1HseGirg,The Late Late Show with James Corden,05,vW7H-DKivX8
69,US,25,UCLXo7UDZvByw2ixzpQCufnA,Vox,13,EZSCtgfmEO0
70,US,22,UCay_OLhWtf9iklq8zg_or0g,Boldly,16,H4CkXh3FSo8
71,US,22,UCrUbqTCagwsaP2Fmr0p1TsA,MoreZoella,16,oXE-ssvbhQA
72,US,22,UCpko_-a4wgz2u_DgDgd9fqA,BuzzFeedVideo,01,aphpJi5jKrM
73,US,10,UCFbRdRGijPR4oBjQ0fVCSmw,Björk,15,Sqbv7cCM5AI
74,US,24,UCucot-Zp428OwkyRm2I7v2Q,James Charles,21,Y26pMy4jf8U
75,US,25,UCVxBA3Cbu3pm8w8gEIoMEog,ABC7,08,sFMehG2tDcA
76,US,10,UC3Pa0DVzVkqEN_CwsNMapqg,SamSmithWorldVEVO,00,eYJCjVkOImU
77,US,24,UCR4wTAyVbbX-IiBiGCgIBTg,LIVEKellyandRyan,18,2jhwGiO5XJ8
78,US,1,UC7-E5xhZBZdW-8d7V80mzfg,Jenny Nicholson,13,OVa-sqcDYZ4
79,US,24,UCa6vGFO9ty8v5KZJXQxdhaw,Jimmy Kimmel Live,12,jibff9m0SjQ
80,US,10,UCR5BwOS3Gb4uQtxRYRUQ7ng,LouisTomlinsonVEVO,16,inZzcTXYowY
81,US,24,UCp0hYYBW6IMayGgR-WeoCvQ,TheEllenShow,14,bye513KciIk
82,US,26,UCGwPbAQdGA3_88WBuGtg9tw,grav3yardgirl,21,fJJBAwiOjRI
83,US,22,UCe9oofjVfJzapRyVlt57x8Q,Marzia,18,oOAohDViea4
84,US,1,UCYUQQgogVeQY8cMQamhHJcg,CinemaSins,16,Hlch9lKAeXo
85,US,24,UCBR8-60-B28hp2BmDPdntcQ,YouTube Spotlight,17,FlsCjmMhFmw
86,US,28,UC3KEoMzNz8eYnwBC34RaKCQ,Simone Giertz,19,8mQelXnPxUQ
87,US,27,UCsXVk37bltHxD1rDPwtNM8Q,Kurzgesagt – In a Nutshell,14,kl39KHS07Xc
88,US,23,UCNyJk0eoESO3CxAmrktAB5w,Whitney Avalon,17,MUB-h2NeQYA
89,US,24,UCy6D16zE_mMEm1HVD20WFxA,Watch What Happens Live with Andy Cohen,12,hpvDsw1D29w
90,US,23,UCWXCrItCF6ZgXrdozUS-Idw,ExplosmEntertainment,06,r8FQ5wUYm9c
91,US,24,UCqFzWxSCi39LnW1JKFR3efg,Saturday Night Live,20,iU4J2FF23Do
92,US,17,UCWJ2lWNubArHWmf3FIHbfcQ,NBA,00,MtFjRvKfv70
93,US,22,UCHJuQZuzapBh-CuhRYxIZrg,INSIDER,21,RdAKIVgTKuw
94,US,20,UCnXDQbqIdp-HQuDyM4p12ng,PLAYERUNKNOWN'S BATTLEGROUNDS,04,6TOSV3-7hzU
95,US,10,UCjjC1Jk_1o1VWpLalgo21XQ,GEazyMusicVEVO,05,HKIIgYFhQlE
96,US,22,UC18vz5hUUqxbGvym9ghtX_w,Full Frontal with Samantha Bee,07,_72fqgEevOo
97,US,26,UCoMum0pwewO8_WtTlUQxGHw,CupcakeJemma,18,ySBjb4_JGtY
98,US,20,UCuhwvTYFvVZjyBVXc9T7CrA,DanAndPhilGAMES,23,8KaKWPJq5dY
99,US,24,UCBTTI-zUgbt8whLszMqjvZw,The Unipiper,16,mQ8sFRuDyiU
100,US,10,UCGIelM2Dj3zza3xyV3pL3WQ,MigosVEVO,02,9v_rtaye2yY
101,US,24,UC0v-tlzsn0QZwJnkiaUSJVQ,FBE,22,fuHcdFPBKy0
102,US,26,UCjwmbv6NE4mOh8Z8VhPUx1Q,Rosanna Pansino,15,6i2cebTn0nc
103,US,24,UCq0OueAsdxH6b8nyAspwViw,Universal Pictures,01,vn9mMeWcgoM
104,US,24,UCMtFAi84ehTSYSE9XoHefig,The Late Show with Stephen Colbert,08,00nmxR1mxIA
105,US,24,UCSAUGyc_xA8uYzaIVG6MESQ,nigahiga,19,JBDWIGpKnwM
106,US,23,UCQG4cX86zZ51IU2cerZgPSA,Awkward Puppets,17,bo8OYPYRTIY
107,US,24,UCWOA1ZGywLbqmigxE4Qlvuw,Netflix,21,QK_iX5cPDhE
108,US,1,UC2-BeLxzUBSs0uSrmzWhJuQ,20th Century Fox,19,aj8mN_7Apcw
109,US,26,UCckETVOT59aYw80B36aP9vw,Matthias Wandel,12,iGXYZwZEZa0
110,US,10,UC20vb-R_px4CguHzzBPhoyQ,EminemVEVO,05,56KYMMGudcU
111,US,23,UC8-Th83bH_thdKZDJCrn88g,The Tonight Show Starring Jimmy Fallon,11,Ub53c95Soqk
112,US,26,UCG9nVSLp4nQlW79sY5ihRrg,Desi Perkins,01,uwUchGQRXKM
113,US,24,UCCj956IF62FbT7Gouszaj9w,BBC,18,Zi9MkiQzl20
114,US,26,UCPD_bxCRGpmmeQcbe2kpPaA,First We Feast,16,__4c1JCHvaQ
115,US,20,UCqDS7KWjAPKv-7ZSlro9OiQ,thegameawards,08,Bs5Ml7_2wT0
116,US,23,UCVTyTA7-g9nopHeHbeuvpRA,Late Night with Seth Meyers,02,NyNQLRhsAsk
117,US,20,UCGIY_O-8vW4rfX98KlMkvRg,Nintendo,02,dyBFAX4SDEc
118,US,24,UCJ0uqCI0Vqr2Rrt1HseGirg,The Late Late Show with James Corden,05,vW7H-DKivX8
119,US,25,UCLXo7UDZvByw2ixzpQCufnA,Vox,13,EZSCtgfmEO0
120,US,22,UCay_OLhWtf9iklq8zg_or0g,Boldly,16,H4CkXh3FSo8
121,US,22,UCrUbqTCagwsaP2Fmr0p1TsA,MoreZoella,16,oXE-ssvbhQA
122,US,22,UCpko_-a4wgz2u_DgDgd9fqA,BuzzFeedVideo,01,aphpJi5jKrM
123,US,10,UCFbRdRGijPR4oBjQ0fVCSmw,Björk,15,Sqbv7cCM5AI
124,US,24,UCucot-Zp428OwkyRm2I7v2Q,James Charles,21,Y26pMy4jf8U
125,US,25,UCVxBA3Cbu3pm8w8gEIoMEog,ABC7,08,sFMehG2tDcA
126,US,10,UC3Pa0DVzVkqEN_CwsNMapqg,SamSmithWorldVEVO,00,eYJCjVkOImU
127,US,24,UCR4wTAyVbbX-IiBiGCgIBTg,LIVEKellyandRyan,18,2jhwGiO5XJ8
128,US,1,UC7-E5xhZBZdW-8d7V80mzfg,Jenny Nicholson,13,OVa-sqcDYZ4
129,US,24,UCa6vGFO9ty8v5KZJXQxdhaw,Jimmy Kimmel Live,12,jibff9m0SjQ
130,US,10,UCR5BwOS3Gb4uQtxRYRUQ7ng,LouisTomlinsonVEVO,16,inZzcTXYowY
131,US,24,UCp0hYYBW6IMayGgR-WeoCvQ,TheEllenShow,14,bye513KciIk
132,US,26,UCGwPbAQdGA3_88WBuGtg9tw,grav3yardgirl,21,fJJBAwiOjRI
133,US,22,UCe9oofjVfJzapRyVlt57x8Q,Marzia,18,oOAohDViea4
134,US,1,UCYUQQgogVeQY8cMQamhHJcg,CinemaSins,16,Hlch9lKAeXo
135,US,24,UCBR8-60-B28hp2BmDPdntcQ,YouTube Spotlight,17,FlsCjmMhFmw
136,US,28,UC3KEoMzNz8eYnwBC34RaKCQ,Simone Giertz,19,8mQelXnPxUQ
137,US,27,UCsXVk37bltHxD1rDPwtNM8Q,Kurzgesagt – In a Nutshell,14,kl39KHS07Xc
138,US,23,UCNyJk0eoESO3CxAmrktAB5w,Whitney Avalon,17,MUB-h2NeQYA
139,US,24,UCy6D16zE_mMEm1HVD20WFxA,Watch What Happens Live with Andy Cohen,12,hpvDsw1D29w
140,US,23,UCWXCrItCF6ZgXrdozUS-Idw,ExplosmEntertainment,06,r8FQ5wUYm9c
141,US,24,UCqFzWxSCi39LnW1JKFR3efg,Saturday Night Live,20,iU4J2FF23Do
142,US,17,UCWJ2lWNubArHWmf3FIHbfcQ,NBA,00,MtFjRvKfv70
143,US,22,UCHJuQZuzapBh-CuhRYxIZrg,INSIDER,21,RdAKIVgTKuw
144,US,20,UCnXDQbqIdp-HQuDyM4p12ng,PLAYERUNKNOWN'S BATTLEGROUNDS,04,6TOSV3-7hzU
145,US,10,UCjjC1Jk_1o1VWpLalgo21XQ,GEazyMusicVEVO,05,HKIIgYFhQlE
146,US,22,UC18vz5hUUqxbGvym9ghtX_w,Full Frontal with Samantha Bee,07,_72fqgEevOo
147,US,26,UCoMum0pwewO8_WtTlUQxGHw,CupcakeJemma,18,ySBjb4_JGtY
148,US,20,UCuhwvTYFvVZjyBVXc9T7CrA,DanAndPhilGAMES,23,8KaKWPJq5dY
149,US,24,UCBTTI-zUgbt8whLszMqjvZw,The Unipiper,16,mQ8sFRuDyiU
150,US,10,UCGIelM2Dj3zza3xyV3pL3WQ,MigosVEVO,02,9v_rtaye2yY
151,US,24,UC0v-tlzsn0QZwJnkiaUSJVQ,FBE,22,fuHcdFPBKy0
152,US,26,UCjwmbv6NE4mOh8Z8VhPUx1Q,Rosanna Pansino,15,6i2cebTn0nc
153,US,24,UCq0OueAsdxH6b8nyAspwViw,Universal Pictures,01,vn9mMeWcgoM
154,US,24,UCMtFAi84ehTSYSE9XoHefig,The Late Show with Stephen Colbert,08,00nmxR1mxIA
155,US,24,UCSAUGyc_xA8uYzaIVG6MESQ,nigahiga,19,JBDWIGpKnwM
156,US,23,UCQG4cX86zZ51IU2cerZgPSA,Awkward Puppets,17,bo8OYPYRTIY
157,US,24,UCWOA1ZGywLbqmigxE4Qlvuw,Netflix,21,QK_iX5cPDhE
158,US,1,UC2-BeLxzUBSs0uSrmzWhJuQ,20th Century Fox,19,aj8mN_7Apcw
159,US,26,UCckETVOT59aYw80B36aP9vw,Matthias Wandel,12,iGXYZwZEZa0
160,US,10,UC20vb-R_px4CguHzzBPhoyQ,EminemVEVO,05,56KYMMGudcU
161,US,23,UC8-Th83bH_thdKZDJCrn88g,The Tonight Show Starring Jimmy Fallon,11,Ub53c95Soqk
162,US,26,UCG9nVSLp4nQlW79sY5ihRrg,Desi Perkins,01,uwUchGQRXKM
163,US,24,UCCj956IF62FbT7Gouszaj9w,BBC,18,Zi9MkiQzl20
164,US,26,UCPD_bxCRGpmmeQcbe2kpPaA,First We Feast,16,__4c1JCHvaQ
165,US,20,UCqDS7KWjAPKv-7ZSlro9OiQ,thegameawards,08,Bs5Ml7_2wT0
166,US,23,UCVTyTA7-g9nopHeHbeuvpRA,Late Night with Seth Meyers,02,NyNQLRhsAsk
167,US,20,UCGIY_O-8vW4rfX98KlMkvRg,Nintendo,02,dyBFAX4SDEc
168,US,24,UCJ0uqCI0Vqr2Rrt1HseGirg,The Late Late Show with James Corden,05,vW7H-DKivX8
169,US,25,UCLXo7UDZvByw2ixzpQCufnA,Vox,13,EZSCtgfmEO0
170,US,22,UCay_OLhWtf9iklq8zg_or0g,Boldly,16,H4CkXh3FSo8
171,US,22,UCrUbqTCagwsaP2Fmr0p1TsA,MoreZoella,16,oXE-ssvbhQA
172,US,22,UCpko_-a4wgz2u_DgDgd9fqA,BuzzFeedVideo,01,aphpJi5jKrM
173,US,10,UCFbRdRGijPR4oBjQ0fVCSmw,Björk,15,Sqbv7cCM5AI
174,US,24,UCucot-Zp428OwkyRm2I7v2Q,James Charles,21,Y26pMy4jf8U
175,US,25,UCVxBA3Cbu3pm8w8gEIoMEog,ABC7,08,sFMehG2tDcA
176,US,10,UC3Pa0DVzVkqEN_CwsNMapqg,SamSmithWorldVEVO,00,eYJCjVkOImU
177,US,24,UCR4wTAyVbbX-IiBiGCgIBTg,LIVEKellyandRyan,18,2jhwGiO5XJ8
178,US,1,UC7-E5xhZBZdW-8d7V80mzfg,Jenny Nicholson,13,OVa-sqcDYZ4
179,US,24,UCa6vGFO9ty8v5KZJXQxdhaw,Jimmy Kimmel Live,12,jibff9m0SjQ
180,US,10,UCR5BwOS3Gb4uQtxRYRUQ7ng,LouisTomlinsonVEVO,16,inZzcTXYowY
181,US,24,UCp0hYYBW6IMayGgR-WeoCvQ,TheEllenShow,14,bye513KciIk
182,US,26,UCGwPbAQdGA3_88WBuGtg9tw,grav3yardgirl,21,fJJBAwiOjRI
183,US,22,UCe9oofjVfJzapRyVlt57x8Q,Marzia,18,oOAohDViea4
184,US,1,UCYUQQgogVeQY8cMQamhHJcg,CinemaSins,16,Hlch9lKAeXo
185,US,24,UCBR8-60-B28hp2BmDPdntcQ,YouTube Spotlight,17,FlsCjmMhFmw
186,US,28,UC3KEoMzNz8eYnwBC34RaKCQ,Simone Giertz,19,8mQelXnPxUQ
187,US,27,UCsXVk37bltHxD1rDPwtNM8Q,Kurzgesagt – In a Nutshell,14,kl39KHS07Xc
188,US,23,UCNyJk0eoESO3CxAmrktAB5w,Whitney Avalon,17,MUB-h2NeQYA
189,US,24,UCy6D16zE_mMEm1HVD20WFxA,Watch What Happens Live with Andy Cohen,12,hpvDsw1D29w
190,US,23,UCWXCrItCF6ZgXrdozUS-Idw,ExplosmEntertainment,06,r8FQ5wUYm9c
191,US,24,UCqFzWxSCi39LnW1JKFR3efg,Saturday Night Live,20,iU4J2FF23Do
192,US,17,UCWJ2lWNubArHWmf3FIHbfcQ,NBA,00,MtFjRvKfv70
193,US,22,UCHJuQZuzapBh-CuhRYxIZrg,INSIDER,21,RdAKIVgTKuw
194,US,20,UCnXDQbqIdp-HQuDyM4p12ng,PLAYERUNKNOWN'S BATTLEGROUNDS,04,6TOSV3-7hzU
195,US,10,UCjjC1Jk_1o1VWpLalgo21XQ,GEazyMusicVEVO,05,HKIIgYFhQlE
196,US,22,UC18vz5hUUqxbGvym9ghtX_w,Full Frontal with Samantha Bee,07,_72fqgEevOo
197,US,26,UCoMum0pwewO8_WtTlUQxGHw,CupcakeJemma,18,ySBjb4_JGtY
198,US,20,UCuhwvTYFvVZjyBVXc9T7CrA,DanAndPhilGAMES,23,8KaKWPJq5dY
199,US,24,UCBTTI-zUgbt8whLszMqjvZw,The Unipiper,16,mQ8sFRuDyiU
200,US,10,UCGIelM2Dj3zza3xyV3pL3WQ,MigosVEVO,02,9v_rtaye2yY
201,US,24,UC0v-tlzsn0QZwJnkiaUSJVQ,FBE,22,fuHcdFPBKy0
202,US,26,UCjwmbv6NE4mOh8Z8VhPUx1Q,Rosanna Pansino,15,6i2cebTn0nc
203,US,24,UCq0OueAsdxH6b8nyAspwViw,Universal Pictures,01,vn9mMeWcgoM
204,US,24,UCMtFAi84ehTSYSE9XoHefig,The Late Show with Stephen Colbert,08,00nmxR1mxIA
205,US,24,UCSAUGyc_xA8uYzaIVG6MESQ,nigahiga,19,JBDWIGpKnwM
206,US,23,UCQG4cX86zZ51IU2cerZgPSA,Awkward Puppets,17,bo8OYPYRTIY
207,US,24,UCWOA1ZGywLbqmigxE4Qlvuw,Netflix,21,QK_iX5cPDhE
208,US,1,UC2-BeLxzUBSs0uSrmzWhJuQ,20th Century Fox,19,aj8mN_7Apcw
209,US,26,UCckETVOT59aYw80B36aP9vw,Matthias Wandel,12,iGXYZwZEZa0
210,US,10,UC20vb-R_px4CguHzzBPhoyQ,EminemVEVO,05,56KYMMGudcU
211,US,23,UC8-Th83bH_thdKZDJCrn88g,The Tonight Show Starring Jimmy Fallon,11,Ub53c95Soqk
212,US,26,UCG9nVSLp4nQlW79sY5ihRrg,Desi Perkins,01,uwUchGQRXKM
213,US,24,UCCj956IF62FbT7Gouszaj9w,BBC,18,Zi9MkiQzl20
214,US,26,UCPD_bxCRGpmmeQcbe2kpPaA,First We Feast,16,__4c1JCHvaQ
215,US,20,UCqDS7KWjAPKv-7ZSlro9OiQ,thegameawards,08,Bs5Ml7_2wT0
216,US,23,UCVTyTA7-g9nopHeHbeuvpRA,Late Night with Seth Meyers,02,NyNQLRhsAsk
217,US,20,UCGIY_O-8vW4rfX98KlMkvRg,Nintendo,02,dyBFAX4SDEc
218,US,24,UCJ0uqCI0Vqr2Rrt1HseGirg,The Late Late Show with James Corden,05,vW7H-DKivX8
219,US,25,UCLXo7UDZvByw2ixzpQCufnA,Vox,13,EZSCtgfmEO0
220,US,22,UCay_OLhWtf9iklq8zg_or0g,Boldly,16,H4CkXh3FSo8
221,US,22,UCrUbqTCagwsaP2Fmr0p1TsA,MoreZoella,16,oXE-ssvbhQA
222,US,22,UCpko_-a4wgz2u_DgDgd9fqA,BuzzFeedVideo,01,aphpJi5jKrM
223,US,10,UCFbRdRGijPR4oBjQ0fVCSmw,Björk,15,Sqbv7cCM5AI
224,US,24,UCucot-Zp428OwkyRm2I7v2Q,James Charles,21,Y26pMy4jf8U
225,US,25,UCVxBA3Cbu3pm8w8gEIoMEog,ABC7,08,sFMehG2tDcA
226,US,10,UC3Pa0DVzVkqEN_CwsNMapqg,SamSmithWorldVEVO,00,eYJCjVkOImU
227,US,24,UCR4wTAyVbbX-IiBiGCgIBTg,LIVEKellyandRyan,18,2jhwGiO5XJ8
228,US,1,UC7-E5xhZBZdW-8d7V80mzfg,Jenny Nicholson,13,OVa-sqcDYZ4
229,US,24,UCa6vGFO9ty8v5KZJXQxdhaw,Jimmy Kimmel Live,12,jibff9m0SjQ
230,US,10,UCR5BwOS3Gb4uQtxRYRUQ7ng,LouisTomlinsonVEVO,16,inZzcTXYowY
231,US,24,UCp0hYYBW6IMayGgR-WeoCvQ,TheEllenShow,14,bye513KciIk
232,US,26,UCGwPbAQdGA3_88WBuGtg9tw,grav3yardgirl,21,fJJBAwiOjRI
233,US,22,UCe9oofjVfJzapRyVlt57x8Q,Marzia,18,oOAohDViea4
234,US,1,UCYUQQgogVeQY8cMQamhHJcg,CinemaSins,16,Hlch9lKAeXo
235,US,24,UCBR8-60-B28hp2BmDPdntcQ,YouTube Spotlight,17,FlsCjmMhFmw
236,US,28,UC3KEoMzNz8eYnwBC34RaKCQ,Simone Giertz,19,8mQelXnPxUQ
237,US,27,UCsXVk37bltHxD1rDPwtNM8Q,Kurzgesagt – In a Nutshell,14,kl39KHS07Xc
238,US,23,UCNyJk0eoESO3CxAmrktAB5w,Whitney Avalon,17,MUB-h2NeQYA
239,US,24,UCy6D16zE_mMEm1HVD20WFxA,Watch What Happens Live with Andy Cohen,12,hpvDsw1D29w
240,US,23,UCWXCrItCF6ZgXrdozUS-Idw,ExplosmEntertainment,06,r8FQ5wUYm9c
241,US,24,UCqFzWxSCi39LnW1JKFR3efg,Saturday Night Live,20,iU4J2FF23Do
242,US,17,UCWJ2lWNubArHWmf3FIHbfcQ,NBA,00,MtFjRvKfv70
243,US,22,UCHJuQZuzapBh-CuhRYxIZrg,INSIDER,21,RdAKIVgTKuw
244,US,20,UCnXDQbqIdp-HQuDyM4p12ng,PLAYERUNKNOWN'S BATTLEGROUNDS,04,6TOSV3-7hzU
245,US,10,UCjjC1Jk_1o1VWpLalgo21XQ,GEazyMusicVEVO,05,HKIIgYFhQlE
246,US,22,UC18vz5hUUqxbGvym9ghtX_w,Full Frontal with Samantha Bee,07,_72fqgEevOo
247,US,26,UCoMum0pwewO8_WtTlUQxGHw,CupcakeJemma,18,ySBjb4_JGtY
248,US,20,UCuhwvTYFvVZjyBVXc9T7CrA,DanAndPhilGAMES,23,8KaKWPJq5dY
249,US,24,UCBTTI-zUgbt8whLszMqjvZw,The Unipiper,16,mQ8sFRuDyiU
250,US,10,UCGIelM2Dj3zza3xyV3pL3WQ,MigosVEVO,02,9v_rtaye2yY
251,US,24,UC0v-tlzsn0QZwJnkiaUSJVQ,FBE,22,fuHcdFPBKy0
252,US,26,UCjwmbv6NE4mOh8Z8VhPUx1Q,Rosanna Pansino,15,6i2cebTn0nc
253,US,24,UCq0OueAsdxH6b8nyAspwViw,Universal Pictures,01,vn9mMeWcgoM
254,US,24,UCMtFAi84ehTSYSE9XoHefig,The Late Show with Stephen Colbert,08,00nmxR1mxIA
255,US,24,UCSAUGyc_xA8uYzaIVG6MESQ,nigahiga,19,JBDWIGpKnwM
256,US,23,UCQG4cX86zZ51IU2cerZgPSA,Awkward Puppets,17,bo8OYPYRTIY
257,US,24,UCWOA1ZGywLbqmigxE4Qlvuw,Netflix,21,QK_iX5cPDhE
258,US,1,UC2-BeLxzUBSs0uSrmzWhJuQ,20th Century Fox,19,aj8mN_7Apcw
259,US,26,UCckETVOT59aYw80B36aP9vw,Matthias Wandel,12,iGXYZwZEZa0
260,US,10,UC20vb-R_px4CguHzzBPhoyQ,EminemVEVO,05,56KYMMGudcU
261,US,23,UC8-Th83bH_thdKZDJCrn88g,The Tonight Show Starring Jimmy Fallon,11,Ub53c95Soqk
262,US,26,UCG9nVSLp4nQlW79sY5ihRrg,Desi Perkins,01,uwUchGQRXKM
263,US,24,UCCj956IF62FbT7Gouszaj9w,BBC,18,Zi9MkiQzl20
264,US,26,UCPD_bxCRGpmmeQcbe2kpPaA,First We Feast,16,__4c1JCHvaQ
265,US,20,UCqDS7KWjAPKv-7ZSlro9OiQ,thegameawards,08,Bs5Ml7_2wT0
266,US,23,UCVTyTA7-g9nopHeHbeuvpRA,Late Night with Seth Meyers,02,NyNQLRhsAsk
267,US,20,UCGIY_O-8vW4rfX98KlMkvRg,Nintendo,02,dyBFAX4SDEc
268,US,24,UCJ0uqCI0Vqr2Rrt1HseGirg,The Late Late Show with James Corden,05,vW7H-DKivX8
269,US,25,UCLXo7UDZvByw2ixzpQCufnA,Vox,13,EZSCtgfmEO0
270,US,22,UCay_OLhWtf9iklq8zg_or0g,Boldly,16,H4CkXh3FSo8
271,US,22,UCrUbqTCagwsaP2Fmr0p1TsA,MoreZoella,16,oXE-ssvbhQA
272,US,22,UCpko_-a4wgz2u_DgDgd9fqA,BuzzFeedVideo,01,aphpJi5jKrM
273,US,10,UCFbRdRGijPR4oBjQ0fVCSmw,Björk,15,Sqbv7cCM5AI
274,US,24,UCucot-Zp428OwkyRm2I7v2Q,James Charles,21,Y26pMy4jf8U
275,US,25,UCVxBA3Cbu3pm8w8gEIoMEog,ABC7,08,sFMehG2tDcA
276,US,10,UC3Pa0DVzVkqEN_CwsNMapqg,SamSmithWorldVEVO,00,eYJCjVkOImU
277,US,24,UCR4wTAyVbbX-IiBiGCgIBTg,LIVEKellyandRyan,18,2jhwGiO5XJ8
278,US,1,UC7-E5xhZBZdW-8d7V80mzfg,Jenny Nicholson,13,OVa-sqcDYZ4
279,US,24,UCa6vGFO9ty8v5KZJXQxdhaw,Jimmy Kimmel Live,12,jibff9m0SjQ
280,US,10,UCR5BwOS3Gb4uQtxRYRUQ7ng,LouisTomlinsonVEVO,16,inZzcTXYowY
281,US,24,UCp0hYYBW6IMayGgR-WeoCvQ,TheEllenShow,14,bye513KciIk
282,US,26,UCGwPbAQdGA3_88WBuGtg9tw,grav3yardgirl,21,fJJBAwiOjRI
283,US,22,UCe9oofjVfJzapRyVlt57x8Q,Marzia,18,oOAohDViea4
284,US,1,UCYUQQgogVeQY8cMQamhHJcg,CinemaSins,16,Hlch9lKAeXo
285,US,24,UCBR8-60-B28hp2BmDPdntcQ,YouTube Spotlight,17,FlsCjmMhFmw
286,US,28,UC3KEoMzNz8eYnwBC34RaKCQ,Simone Giertz,19,8mQelXnPxUQ
287,US,27,UCsXVk37bltHxD1rDPwtNM8Q,Kurzgesagt – In a Nutshell,14,kl39KHS07Xc
288,US,23,UCNyJk0eoESO3CxAmrktAB5w,Whitney Avalon,17,MUB-h2NeQYA
289,US,24,UCy6D16zE_mMEm1HVD20WFxA,Watch What Happens Live with Andy Cohen,12,hpvDsw1D29w
290,US,23,UCWXCrItCF6ZgXrdozUS-Idw,ExplosmEntertainment,06,r8FQ5wUYm9c
291,US,24,UCqFzWxSCi39LnW1JKFR3efg,Saturday Night Live,20,iU4J2FF23Do
292,US,17,UCWJ2lWNubArHWmf3FIHbfcQ,NBA,00,MtFjRvKfv70
293,US,22,UCHJuQZuzapBh-CuhRYxIZrg,INSIDER,21,RdAKIVgTKuw
294,US,20,UCnXDQbqIdp-HQuDyM4p12ng,PLAYERUNKNOWN'S BATTLEGROUNDS,04,6TOSV3-7hzU
295,US,10,UCjjC1Jk_1o1VWpLalgo21XQ,GEazyMusicVEVO,05,HKIIgYFhQlE
296,US,22,UC18vz5hUUqxbGvym9ghtX_w,Full Frontal with Samantha Bee,07,_72fqgEevOo
297,US,26,UCoMum0pwewO8_WtTlUQxGHw,CupcakeJemma,18,ySBjb4_JGtY
298,US,20,UCuhwvTYFvVZjyBVXc9T7CrA,DanAndPhilGAMES,23,8KaKWPJq5dY
299,US,24,UCBTTI-zUgbt8whLszMqjvZw,The Unipiper,16,mQ8sFRuDyiU
300,US,10,UCGIelM2Dj3zza3xyV3pL3WQ,MigosVEVO,02,9v_rtaye2yY
301,US,24,UC0v-tlzsn0QZwJnkiaUSJVQ,FBE,22,fuHcdFPBKy0
302,US,26,UCjwmbv6NE4mOh8Z8VhPUx1Q,Rosanna Pansino,15,6i2cebTn0nc
303,US,24,UCq0OueAsdxH6b8nyAspwViw,Universal Pictures,01,vn9mMeWcgoM
304,US,24,UCMtFAi84ehTSYSE9XoHefig,The Late Show with Stephen Colbert,08,00nmxR1mxIA
305,US,24,UCSAUGyc_xA8uYzaIVG6MESQ,nigahiga,19,JBDWIGpKnwM
306,US,23,UCQG4cX86zZ51IU2cerZgPSA,Awkward Puppets,17,bo8OYPYRTIY
307,US,24,UCWOA1ZGywLbqmigxE4Qlvuw,Netflix,21,QK_iX5cPDhE
308,US,1,UC2-BeLxzUBSs0uSrmzWhJuQ,20th Century Fox,19,aj8mN_7Apcw
309,US,26,UCckETVOT59aYw80B36aP9vw,Matthias Wandel,12,iGXYZwZEZa0
310,US,10,UC20vb-R_px4CguHzzBPhoyQ,EminemVEVO,05,56KYMMGudcU
311,US,23,UC8-Th83bH_thdKZDJCrn88g,The Tonight Show Starring Jimmy Fallon,11,Ub53c95Soqk
312,US,26,UCG9nVSLp4nQlW79sY5ihRrg,Desi Perkins,01,uwUchGQRXKM
313,US,24,UCCj956IF62FbT7Gouszaj9w,BBC,18,Zi9MkiQzl20
314,US,26,UCPD_bxCRGpmmeQcbe2kpPaA,First We Feast,16,__4c1JCHvaQ
315,US,20,UCqDS7KWjAPKv-7ZSlro9OiQ,thegameawards,08,Bs5Ml7_2wT0
316,US,23,UCVTyTA7-g9nopHeHbeuvpRA,Late Night with Seth Meyers,02,NyNQLRhsAsk
317,US,20,UCGIY_O-8vW4rfX98KlMkvRg,Nintendo,02,dyBFAX4SDEc
318,US,24,UCJ0uqCI0Vqr2Rrt1HseGirg,The Late Late Show with James Corden,05,vW7H-DKivX8
319,US,25,UCLXo7UDZvByw2ixzpQCufnA,Vox,13,EZSCtgfmEO0
320,US,22,UCay_OLhWtf9iklq8zg_or0g,Boldly,16,H4CkXh3FSo8
321,US,22,UCrUbqTCagwsaP2Fmr0p1TsA,MoreZoella,16,oXE-ssvbhQA
322,US,22,UCpko_-a4wgz2u_DgDgd9fqA,BuzzFeedVideo,01,aphpJi5jKrM
323,US,10,UCFbRdRGijPR4oBjQ0fVCSmw,Björk,15,Sqbv7cCM5AI
324,US,24,UCucot-Zp428OwkyRm2I7v2Q,James Charles,21,Y26pMy4jf8U
325,US,25,UCVxBA3Cbu3pm8w8gEIoMEog,ABC7,08,sFMehG2tDcA
326,US,10,UC3Pa0DVzVkqEN_CwsNMapqg,SamSmithWorldVEVO,00,eYJCjVkOImU
327,US,24,UCR4wTAyVbbX-IiBiGCgIBTg,LIVEKellyandRyan,18,2jhwGiO5XJ8
328,US,1,UC7-E5xhZBZdW-8d7V80mzfg,Jenny Nicholson,13,OVa-sqcDYZ4
329,US,24,UCa6vGFO9ty8v5KZJXQxdhaw,Jimmy Kimmel Live,12,jibff9m0SjQ
330,US,10,UCR5BwOS3Gb4uQtxRYRUQ7ng,LouisTomlinsonVEVO,16,inZzcTXYowY
331,US,24,UCp0hYYBW6IMayGgR-WeoCvQ,TheEllenShow,14,bye513KciIk
332,US,26,UCGwPbAQdGA3_88WBuGtg9tw,grav3yardgirl,21,fJJBAwiOjRI
333,US,22,UCe9oofjVfJzapRyVlt57x8Q,Marzia,18,oOAohDViea4
334,US,1,UCYUQQgogVeQY8cMQamhHJcg,CinemaSins,16,Hlch9lKAeXo
335,US,24,UCBR8-60-B28hp2BmDPdntcQ,YouTube Spotlight,17,FlsCjmMhFmw
336,US,28,UC3KEoMzNz8eYnwBC34RaKCQ,Simone Giertz,19,8mQelXnPxUQ
337,US,27,UCsXVk37bltHxD1rDPwtNM8Q,Kurzgesagt – In a Nutshell,14,kl39KHS07Xc
338,US,23,UCNyJk0eoESO3CxAmrktAB5w,Whitney Avalon,17,MUB-h2NeQYA
339,US,24,UCy6D16zE_mMEm1HVD20WFxA,Watch What Happens Live with Andy Cohen,12,hpvDsw1D29w
340,US,23,UCWXCrItCF6ZgXrdozUS-Idw,ExplosmEntertainment,06,r8FQ5wUYm9c
341,US,24,UCqFzWxSCi39LnW1JKFR3efg,Saturday Night Live,20,iU4J2FF23Do
342,US,17,UCWJ2lWNubArHWmf3FIHbfcQ,NBA,00,MtFjRvKfv70
343,US,22,UCHJuQZuzapBh-CuhRYxIZrg,INSIDER,21,RdAKIVgTKuw
344,US,20,UCnXDQbqIdp-HQuDyM4p12ng,PLAYERUNKNOWN'S BATTLEGROUNDS,04,6TOSV3-7hzU
345,US,10,UCjjC1Jk_1o1VWpLalgo21XQ,GEazyMusicVEVO,05,HKIIgYFhQlE
346,US,22,UC18vz5hUUqxbGvym9ghtX_w,Full Frontal with Samantha Bee,07,_72fqgEevOo
347,US,26,UCoMum0pwewO8_WtTlUQxGHw,CupcakeJemma,18,ySBjb4_JGtY
348,US,20,UCuhwvTYFvVZjyBVXc9T7CrA,DanAndPhilGAMES,23,8KaKWPJq5dY
349,US,24,UCBTTI-zUgbt8whLszMqjvZw,The Unipiper,16,mQ8sFRuDyiU
350,US,10,UCGIelM2Dj3zza3xyV3pL3WQ,MigosVEVO,02,9v_rtaye2yY
351,US,24,UC0v-tlzsn0QZwJnkiaUSJVQ,FBE,22,fuHcdFPBKy0
352,US,26,UCjwmbv6NE4mOh8Z8VhPUx1Q,Rosanna Pansino,15,6i2cebTn0nc
353,US,24,UCq0OueAsdxH6b8nyAspwViw,Universal Pictures,01,vn9mMeWcgoM
354,US,24,UCMtFAi84ehTSYSE9XoHefig,The Late Show with Stephen Colbert,08,00nmxR1mxIA
355,US,24,UCSAUGyc_xA8uYzaIVG6MESQ,nigahiga,19,JBDWIGpKnwM
356,US,23,UCQG4cX86zZ51IU2cerZgPSA,Awkward Puppets,17,bo8OYPYRTIY
357,US,24,UCWOA1ZGywLbqmigxE4Qlvuw,Netflix,21,QK_iX5cPDhE
358,US,1,UC2-BeLxzUBSs0uSrmzWhJuQ,20th Century Fox,19,aj8mN_7Apcw
359,US,26,UCckETVOT59aYw80B36aP9vw,Matthias Wandel,12,iGXYZwZEZa0
360,US,10,UC20vb-R_px4CguHzzBPhoyQ,EminemVEVO,05,56KYMMGudcU
361,US,23,UC8-Th83bH_thdKZDJCrn88g,The Tonight Show Starring Jimmy Fallon,11,Ub53c95Soqk
362,US,26,UCG9nVSLp4nQlW79sY5ihRrg,Desi Perkins,01,uwUchGQRXKM
363,US,24,UCCj956IF62FbT7Gouszaj9w,BBC,18,Zi9MkiQzl20
364,US,26,UCPD_bxCRGpmmeQcbe2kpPaA,First We Feast,16,__4c1JCHvaQ
365,US,20,UCqDS7KWjAPKv-7ZSlro9OiQ,thegameawards,08,Bs5Ml7_2wT0
366,US,23,UCVTyTA7-g9nopHeHbeuvpRA,Late Night with Seth Meyers,02,NyNQLRhsAsk
367,US,20,UCGIY_O-8vW4rfX98KlMkvRg,Nintendo,02,dyBFAX4SDEc
368,US,24,UCJ0uqCI0Vqr2Rrt1HseGirg,The Late Late Show with James Corden,05,vW7H-DKivX8
369,US,25,UCLXo7UDZvByw2ixzpQCufnA,Vox,13,EZSCtgfmEO0
370,US,22,UCay_OLhWtf9iklq8zg_or0g,Boldly,16,H4CkXh3FSo8
371,US,22,UCrUbqTCagwsaP2Fmr0p1TsA,MoreZoella,16,oXE-ssvbhQA
372,US,22,UCpko_-a4wgz2u_DgDgd9fqA,BuzzFeedVideo,01,aphpJi5jKrM
373,US,10,UCFbRdRGijPR4oBjQ0fVCSmw,Björk,15,Sqbv7cCM5AI
374,US,24,UCucot-Zp428OwkyRm2I7v2Q,James Charles,21,Y26pMy4jf8U
375,US,25,UCVxBA3Cbu3pm8w8gEIoMEog,ABC7,08,sFMehG2tDcA
376,US,10,UC3Pa0DVzVkqEN_CwsNMapqg,SamSmithWorldVEVO,00,eYJCjVkOImU
377,US,24,UCR4wTAyVbbX-IiBiGCgIBTg,LIVEKellyandRyan,18,2jhwGiO5XJ8
378,US,1,UC7-E5xhZBZdW-8d7V80mzfg,Jenny Nicholson,13,OVa-sqcDYZ4
379,US,24,UCa6vGFO9ty8v5KZJXQxdhaw,Jimmy Kimmel Live,12,jibff9m0SjQ
380,US,10,UCR5BwOS3Gb4uQtxRYRUQ7ng,LouisTomlinsonVEVO,16,inZzcTXYowY
381,US,24,UCp0hYYBW6IMayGgR-WeoCvQ,TheEllenShow,14,bye513KciIk
382,US,26,UCGwPbAQdGA3_88WBuGtg9tw,grav3yardgirl,21,fJJBAwiOjRI
383,US,22,UCe9oofjVfJzapRyVlt57x8Q,Marzia,18,oOAohDViea4
384,US,1,UCYUQQgogVeQY8cMQamhHJcg,CinemaSins,16,Hlch9lKAeXo
385,US,24,UCBR8-60-B28hp2BmDPdntcQ,YouTube Spotlight,17,FlsCjmMhFmw
386,US,28,UC3KEoMzNz8eYnwBC34RaKCQ,Simone Giertz,19,8mQelXnPxUQ
387,US,27,UCsXVk37bltHxD1rDPwtNM8Q,Kurzgesagt – In a Nutshell,14,kl39KHS07Xc
388,US,23,UCNyJk0eoESO3CxAmrktAB5w,Whitney Avalon,17,MUB-h2NeQYA
389,US,24,UCy6D16zE_mMEm1HVD20WFxA,Watch What Happens Live with Andy Cohen,12,hpvDsw1D29w
390,US,23,UCWXCrItCF6ZgXrdozUS-Idw,ExplosmEntertainment,06,r8FQ5wUYm9c
391,US,24,UCqFzWxSCi39LnW1JKFR3efg,Saturday Night Live,20,iU4J2FF23Do
392,US,17,UCWJ2lWNubArHWmf3FIHbfcQ,NBA,00,MtFjRvKfv70
393,US,22,UCHJuQZuzapBh-CuhRYxIZrg,INSIDER,21,RdAKIVgTKuw
394,US,20,UCnXDQbqIdp-HQuDyM4p12ng,PLAYERUNKNOWN'S BATTLEGROUNDS,04,6TOSV3-7hzU
395,US,10,UCjjC1Jk_1o1VWpLalgo21XQ,GEazyMusicVEVO,05,HKIIgYFhQlE
396,US,22,UC18vz5hUUqxbGvym9ghtX_w,Full Frontal with Samantha Bee,07,_72fqgEevOo
397,US,26,UCoMum0pwewO8_WtTlUQxGHw,CupcakeJemma,18,ySBjb4_JGtY
398,US,20,UCuhwvTYFvVZjyBVXc9T7CrA,DanAndPhilGAMES,23,8KaKWPJq5dY
399,US,24,UCBTTI-zUgbt8whLszMqjvZw,The Unipiper,16,mQ8sFRuDyiU
400,US,10,UCGIelM2Dj3zza3xyV3pL3WQ,MigosVEVO,02,9v_rtaye2yY
401,US,24,UC0v-tlzsn0QZwJnkiaUSJVQ,FBE,22,fuHcdFPBKy0
402,US,26,UCjwmbv6NE4mOh8Z8VhPUx1Q,Rosanna Pansino,15,6i2cebTn0nc
403,US,24,UCq0OueAsdxH6b8nyAspwViw,Universal Pictures,01,vn9mMeWcgoM
404,US,24,UCMtFAi84ehTSYSE9XoHefig,The Late Show with Stephen Colbert,08,00nmxR1mxIA
405,US,24,UCSAUGyc_xA8uYzaIVG6MESQ,nigahiga,19,JBDWIGpKnwM
406,US,23,UCQG4cX86zZ51IU2cerZgPSA,Awkward Puppets,17,bo8OYPYRTIY
407,US,24,UCWOA1ZGywLbqmigxE4Qlvuw,Netflix,21,QK_iX5cPDhE
408,US,1,UC2-BeLxzUBSs0uSrmzWhJuQ,20th Century Fox,19,aj8mN_7Apcw
409,US,26,UCckETVOT59aYw80B36aP9vw,Matthias Wandel,12,iGXYZwZEZa0
410,US,10,UC20vb-R_px4CguHzzBPhoyQ,EminemVEVO,05,56KYMMGudcU
411,US,23,UC8-Th83bH_thdKZDJCrn88g,The Tonight Show Starring Jimmy Fallon,11,Ub53c95Soqk
412,US,26,UCG9nVSLp4nQlW79sY5ihRrg,Desi Perkins,01,uwUchGQRXKM
413,US,24,UCCj956IF62FbT7Gouszaj9w,BBC,18,Zi9MkiQzl20
414,US,26,UCPD_bxCRGpmmeQcbe2kpPaA,First We Feast,16,__4c1JCHvaQ
415,US,20,UCqDS7KWjAPKv-7ZSlro9OiQ,thegameawards,08,Bs5Ml7_2wT0
416,US,23,UCVTyTA7-g9nopHeHbeuvpRA,Late Night with Seth Meyers,02,NyNQLRhsAsk
417,US,20,UCGIY_O-8vW4rfX98KlMkvRg,Nintendo,02,dyBFAX4SDEc
418,US,24,UCJ0uqCI0Vqr2Rrt1HseGirg,The Late Late Show with James Corden,05,vW7H-DKivX8
419,US,25,UCLXo7UDZvByw2ixzpQCufnA,Vox,13,EZSCtgfmEO0
420,US,22,UCay_OLhWtf9iklq8zg_or0g,Boldly,16,H4CkXh3FSo8
421,US,22,UCrUbqTCagwsaP2Fmr0p1TsA,MoreZoella,16,oXE-ssvbhQA
422,US,22,UCpko_-a4wgz2u_DgDgd9fqA,BuzzFeedVideo,01,aphpJi5jKrM
423,US,10,UCFbRdRGijPR4oBjQ0fVCSmw,Björk,15,Sqbv7cCM5AI
424,US,24,UCucot-Zp428OwkyRm2I7v2Q,James Charles,21,Y26pMy4jf8U
425,US,25,UCVxBA3Cbu3pm8w8gEIoMEog,ABC7,08,sFMehG2tDcA
426,US,10,UC3Pa0DVzVkqEN_CwsNMapqg,SamSmithWorldVEVO,00,eYJCjVkOImU
427,US,24,UCR4wTAyVbbX-IiBiGCgIBTg,LIVEKellyandRyan,18,2jhwGiO5XJ8
428,US,1,UC7-E5xhZBZdW-8d7V80mzfg,Jenny Nicholson,13,OVa-sqcDYZ4
429,US,24,UCa6vGFO9ty8v5KZJXQxdhaw,Jimmy Kimmel Live,12,jibff9m0SjQ
430,US,10,UCR5BwOS3Gb4uQtxRYRUQ7ng,LouisTomlinsonVEVO,16,inZzcTXYowY
431,US,24,UCp0hYYBW6IMayGgR-WeoCvQ,TheEllenShow,14,bye513KciIk
432,US,26,UCGwPbAQdGA3_88WBuGtg9tw,grav3yardgirl,21,fJJBAwiOjRI
433,US,22,UCe9oofjVfJzapRyVlt57x8Q,Marzia,18,oOAohDViea4
434,US,1,UCYUQQgogVeQY8cMQamhHJcg,CinemaSins,16,Hlch9lKAeXo
435,US,24,UCBR8-60-B28hp2BmDPdntcQ,YouTube Spotlight,17,FlsCjmMhFmw
436,US,28,UC3KEoMzNz8eYnwBC34RaKCQ,Simone Giertz,19,8mQelXnPxUQ
437,US,27,UCsXVk37bltHxD1rDPwtNM8Q,Kurzgesagt – In a Nutshell,14,kl39KHS07Xc
438,US,23,UCNyJk0eoESO3CxAmrktAB5w,Whitney Avalon,17,MUB-h2NeQYA
439,US,24,UCy6D16zE_mMEm1HVD20WFxA,Watch What Happens Live with Andy Cohen,12,hpvDsw1D29w
440,US,23,UCWXCrItCF6ZgXrdozUS-Idw,ExplosmEntertainment,06,r8FQ5wUYm9c
441,US,24,UCqFzWxSCi39LnW1JKFR3efg,Saturday Night Live,20,iU4J2FF23Do
442,US,17,UCWJ2lWNubArHWmf3FIHbfcQ,NBA,00,MtFjRvKfv70
443,US,22,UCHJuQZuzapBh-CuhRYxIZrg,INSIDER,21,RdAKIVgTKuw
444,US,20,UCnXDQbqIdp-HQuDyM4p12ng,PLAYERUNKNOWN'S BATTLEGROUNDS,04,6TOSV3-7hzU
445,US,10,UCjjC1Jk_1o1VWpLalgo21XQ,GEazyMusicVEVO,05,HKIIgYFhQlE
446,US,22,UC18vz5hUUqxbGvym9ghtX_w,Full Frontal with Samantha Bee,07,_72fqgEevOo
447,US,26,UCoMum0pwewO8_WtTlUQxGHw,CupcakeJemma,18,ySBjb4_JGtY
448,US,20,UCuhwvTYFvVZjyBVXc9T7CrA,DanAndPhilGAMES,23,8KaKWPJq5dY
449,US,24,UCBTTI-zUgbt8whLszMqjvZw,The Unipiper,16,mQ8sFRuDyiU
450,US,10,UCGIelM2Dj3zza3xyV3pL3WQ,MigosVEVO,02,9v_rtaye2yY
451,US,24,UC0v-tlzsn0QZwJnkiaUSJVQ,FBE,22,fuHcdFPBKy0
452,US,26,UCjwmbv6NE4mOh8Z8VhPUx1Q,Rosanna Pansino,15,6i2cebTn0nc
453,US,24,UCq0OueAsdxH6b8nyAspwViw,Universal Pictures,01,vn9mMeWcgoM
454,US,24,UCMtFAi84ehTSYSE9XoHefig,The Late Show with Stephen Colbert,08,00nmxR1mxIA
455,US,24,UCSAUGyc_xA8uYzaIVG6MESQ,nigahiga,19,JBDWIGpKnwM
456,US,23,UCQG4cX86zZ51IU2cerZgPSA,Awkward Puppets,17,bo8OYPYRTIY
457,US,24,UCWOA1ZGywLbqmigxE4Qlvuw,Netflix,21,QK_iX5cPDhE
458,US,1,UC2-BeLxzUBSs0uSrmzWhJuQ,20th Century Fox,19,aj8mN_7Apcw
459,US,26,UCckETVOT59aYw80B36aP9vw,Matthias Wandel,12,iGXYZwZEZa0
460,US,10,UC20vb-R_px4CguHzzBPhoyQ,EminemVEVO,05,56KYMMGudcU
461,US,23,UC8-Th83bH_thdKZDJCrn88g,The Tonight Show Starring Jimmy Fallon,11,Ub53c95Soqk
462,US,26,UCG9nVSLp4nQlW79sY5ihRrg,Desi Perkins,01,uwUchGQRXKM
463,US,24,UCCj956IF62FbT7Gouszaj9w,BBC,18,Zi9MkiQzl20
464,US,26,UCPD_bxCRGpmmeQcbe2kpPaA,First We Feast,16,__4c1JCHvaQ
465,US,20,UCqDS7KWjAPKv-7ZSlro9OiQ,thegameawards,08,Bs5Ml7_2wT0
466,US,23,UCVTyTA7-g9nopHeHbeuvpRA,Late Night with Seth Meyers,02,NyNQLRhsAsk
467,US,20,UCGIY_O-8vW4rfX98KlMkvRg,Nintendo,02,dyBFAX4SDEc
468,US,24,UCJ0uqCI0Vqr2Rrt1HseGirg,The Late Late Show with James Corden,05,vW7H-DKivX8
469,US,25,UCLXo7UDZvByw2ixzpQCufnA,Vox,13,EZSCtgfmEO0
470,US,22,UCay_OLhWtf9iklq8zg_or0g,Boldly,16,H4CkXh3FSo8
471,US,22,UCrUbqTCagwsaP2Fmr0p1TsA,MoreZoella,16,oXE-ssvbhQA
472,US,22,UCpko_-a4wgz2u_DgDgd9fqA,BuzzFeedVideo,01,aphpJi5jKrM
473,US,10,UCFbRdRGijPR4oBjQ0fVCSmw,Björk,15,Sqbv7cCM5AI
474,US,24,UCucot-Zp428OwkyRm2I7v2Q,James Charles,21,Y26pMy4jf8U
475,US,25,UCVxBA3Cbu3pm8w8gEIoMEog,ABC7,08,sFMehG2tDcA
476,US,10,UC3Pa0DVzVkqEN_CwsNMapqg,SamSmithWorldVEVO,00,eYJCjVkOImU
477,US,24,UCR4wTAyVbbX-IiBiGCgIBTg,LIVEKellyandRyan,18,2jhwGiO5XJ8
478,US,1,UC7-E5xhZBZdW-8d7V80mzfg,Jenny Nicholson,13,OVa-sqcDYZ4
479,US,24,UCa6vGFO9ty8v5KZJXQxdhaw,Jimmy Kimmel Live,12,jibff9m0SjQ
480,US,10,UCR5BwOS3Gb4uQtxRYRUQ7ng,LouisTomlinsonVEVO,16,inZzcTXYowY
481,US,24,UCp0hYYBW6IMayGgR-WeoCvQ,TheEllenShow,14,bye513KciIk
482,US,26,UCGwPbAQdGA3_88WBuGtg9tw,grav3yardgirl,21,fJJBAwiOjRI
483,US,22,UCe9oofjVfJzapRyVlt57x8Q,Marzia,18,oOAohDViea4
484,US,1,UCYUQQgogVeQY8cMQamhHJcg,CinemaSins,16,Hlch9lKAeXo
485,US,24,UCBR8-60-B28hp2BmDPdntcQ,YouTube Spotlight,17,FlsCjmMhFmw
486,US,28,UC3KEoMzNz8eYnwBC34RaKCQ,Simone Giertz,19,8mQelXnPxUQ
487,US,27,UCsXVk37bltHxD1rDPwtNM8Q,Kurzgesagt – In a Nutshell,14,kl39KHS07Xc
488,US,23,UCNyJk0eoESO3CxAmrktAB5w,Whitney Avalon,17,MUB-h2NeQYA
489,US,24,UCy6D16zE_mMEm1HVD20WFxA,Watch What Happens Live with Andy Cohen,12,hpvDsw1D29w
490,US,23,UCWXCrItCF6ZgXrdozUS-Idw,ExplosmEntertainment,06,r8FQ5wUYm9c
491,US,24,UCqFzWxSCi39LnW1JKFR3efg,Saturday Night Live,20,iU4J2FF23Do
492,US,17,UCWJ2lWNubArHWmf3FIHbfcQ,NBA,00,MtFjRvKfv70
493,US,22,UCHJuQZuzapBh-CuhRYxIZrg,INSIDER,21,RdAKIVgTKuw
494,US,20,UCnXDQbqIdp-HQuDyM4p12ng,PLAYERUNKNOWN'S BATTLEGROUNDS,04,6TOSV3-7hzU
495,US,10,UCjjC1Jk_1o1VWpLalgo21XQ,GEazyMusicVEVO,05,HKIIgYFhQlE
496,US,22,UC18vz5hUUqxbGvym9ghtX_w,Full Frontal with Samantha Bee,07,_72fqgEevOo
497,US,26,UCoMum0pwewO8_WtTlUQxGHw,CupcakeJemma,18,ySBjb4_JGtY
498,US,20,UCuhwvTYFvVZjyBVXc9T7CrA,DanAndPhilGAMES,23,8KaKWPJq5dY
499,US,24,UCBTTI-zUgbt8whLszMqjvZw,The Unipiper,16,mQ8sFRuDyiU
