,categoryId,channelId,channelTitle,publishedAt,videoId,id,title
0,24,UCJ0uqCI0Vqr2Rrt1HseGirg,The Late Late Show with James Corden,2017-12-01T06:18:28.000Z,jLM2ibaRbrk,24,Entertainment
1,24,UCU4SM3j_9TNWaSu8KdGV50g,Focus Features,2017-11-30T16:00:33.000Z,TPcV_3D3V2A,24,Entertainment
2,24,UCz97F7dMxBNOfGYu3rx8aCw,Sony Pictures Entertainment,2017-11-29T20:00:53.000Z,KXHrCBkIxQQ,24,Entertainment
3,24,UC9VX0KXNH20x9MCH3xGjisg,Matthias,2017-11-29T23:30:00.000Z,SFr0fCgrTNQ,24,Entertainment
4,24,UC7v3-2K1N84V67IF-WTRG-Q,Jeremy Jahns,2017-11-30T02:21:34.000Z,rdJdJpwmcKU,24,Entertainment
5,24,UCoziFm3M4sHDq1kkx0UwtRw,Glam&Gore,2017-11-30T01:52:27.000Z,0vhxoVwqZkk,24,Entertainment
6,24,UCjSKDpYQkGS005Vf13NAe8A,Bravo,2017-11-30T15:59:55.000Z,MDsJ9hheH30,24,Entertainment
7,24,UCAXR2zenCwvRIyQd9ydtfaA,Beyond The Trailer,2017-11-29T18:53:21.000Z,pWZnhJay0Y8,24,Entertainment
8,24,UC2rJLq19N0dGrxfib80M_fg,HollywoodLife,2017-11-29T00:35:32.000Z,ZfHiw_LFNGw,24,Entertainment
9,24,UClZmCCcrhNaXhWYvZNIolWg,BUILD Series,2017-11-29T18:31:44.000Z,qEklBC2BQig,24,Entertainment
10,24,UC6nNeXnzkj3qQa23AZ5CRHA,Trailers Promos Teasers,2017-11-29T07:54:36.000Z,0EQuVfP-vXs,24,Entertainment
11,24,UChmPDnOUiWx4FrfiljzR_WA,Millie T,2017-11-30T18:00:00.000Z,0MyCrMrkMFo,24,Entertainment
12,24,UCj7V_ikJOXO9RC8at6kYfHQ,E! Entertainment,2017-11-29T15:00:06.000Z,sQi0Yu1ApyE,24,Entertainment
13,24,UCJ0uqCI0Vqr2Rrt1HseGirg,The Late Late Show with James Corden,2017-12-01T06:18:28.000Z,jLM2ibaRbrk,24,Entertainment
14,24,UCU4SM3j_9TNWaSu8KdGV50g,Focus Features,2017-11-30T16:00:33.000Z,TPcV_3D3V2A,24,Entertainment
15,24,UCz97F7dMxBNOfGYu3rx8aCw,Sony Pictures Entertainment,2017-11-29T20:00:53.000Z,KXHrCBkIxQQ,24,Entertainment
16,24,UC9VX0KXNH20x9MCH3xGjisg,Matthias,2017-11-29T23:30:00.000Z,SFr0fCgrTNQ,24,Entertainment
17,24,UC7v3-2K1N84V67IF-WTRG-Q,Jeremy Jahns,2017-11-30T02:21:34.000Z,rdJdJpwmcKU,24,Entertainment
18,24,UCoziFm3M4sHDq1kkx0UwtRw,Glam&Gore,2017-11-30T01:52:27.000Z,0vhxoVwqZkk,24,Entertainment
19,24,UCjSKDpYQkGS005Vf13NAe8A,Bravo,2017-11-30T15:59:55.000Z,MDsJ9hheH30,24,Entertainment
20,24,UCAXR2zenCwvRIyQd9ydtfaA,Beyond The Trailer,2017-11-29T18:53:21.000Z,pWZnhJay0Y8,24,Entertainment
21,24,UC2rJLq19N0dGrxfib80M_fg,HollywoodLife,2017-11-29T00:35:32.000Z,ZfHiw_LFNGw,24,Entertainment
22,24,UClZmCCcrhNaXhWYvZNIolWg,BUILD Series,2017-11-29T18:31:44.000Z,qEklBC2BQig,24,Entertainment
23,24,UC6nNeXnzkj3qQa23AZ5CRHA,Trailers Promos Teasers,2017-11-29T07:54:36.000Z,0EQuVfP-vXs,24,Entertainment
24,24,UChmPDnOUiWx4FrfiljzR_WA,Millie T,2017-11-30T18:00:00.000Z,0MyCrMrkMFo,24,Entertainment
25,24,UCj7V_ikJOXO9RC8at6kYfHQ,E! Entertainment,2017-11-29T15:00:06.000Z,sQi0Yu1ApyE,24,Entertainment
26,24,UCJ0uqCI0Vqr2Rrt1HseGirg,The Late Late Show with James Corden,2017-12-01T06:18:28.000Z,jLM2ibaRbrk,24,Entertainment
27,24,UCU4SM3j_9TNWaSu8KdGV50g,Focus Features,2017-11-30T16:00:33.000Z,TPcV_3D3V2A,24,Entertainment
28,24,UCz97F7dMxBNOfGYu3rx8aCw,Sony Pictures Entertainment,2017-11-29T20:00:53.000Z,KXHrCBkIxQQ,24,Entertainment
29,24,UC9VX0KXNH20x9MCH3xGjisg,Matthias,2017-11-29T23:30:00.000Z,SFr0fCgrTNQ,24,Entertainment
30,24,UC7v3-2K1N84V67IF-WTRG-Q,Jeremy Jahns,2017-11-30T02:21:34.000Z,rdJdJpwmcKU,24,Entertainment
31,24,UCoziFm3M4sHDq1kkx0UwtRw,Glam&Gore,2017-11-30T01:52:27.000Z,0vhxoVwqZkk,24,Entertainment
32,24,UCjSKDpYQkGS005Vf13NAe8A,Bravo,2017-11-30T15:59:55.000Z,MDsJ9hheH30,24,Entertainment
33,24,UCAXR2zenCwvRIyQd9ydtfaA,Beyond The Trailer,2017-11-29T18:53:21.000Z,pWZnhJay0Y8,24,Entertainment
34,24,UC2rJLq19N0dGrxfib80M_fg,HollywoodLife,2017-11-29T00:35:32.000Z,ZfHiw_LFNGw,24,Entertainment
35,24,UClZmCCcrhNaXhWYvZNIolWg,BUILD Series,2017-11-29T18:31:44.000Z,qEklBC2BQig,24,Entertainment
36,24,UC6nNeXnzkj3qQa23AZ5CRHA,Trailers Promos Teasers,2017-11-29T07:54:36.000Z,0EQuVfP-vXs,24,Entertainment
37,24,UChmPDnOUiWx4FrfiljzR_WA,Millie T,2017-11-30T18:00:00.000Z,0MyCrMrkMFo,24,Entertainment
38,24,UCj7V_ikJOXO9RC8at6kYfHQ,E! Entertainment,2017-11-29T15:00:06.000Z,sQi0Yu1ApyE,24,Entertainment
39,24,UCJ0uqCI0Vqr2Rrt1HseGirg,The Late Late Show with James Corden,2017-12-01T06:18:28.000Z,jLM2ibaRbrk,24,Entertainment
40,24,UCU4SM3j_9TNWaSu8KdGV50g,Focus Features,2017-11-30T16:00:33.000Z,TPcV_3D3V2A,24,Entertainment
41,24,UCz97F7dMxBNOfGYu3rx8aCw,Sony Pictures Entertainment,2017-11-29T20:00:53.000Z,KXHrCBkIxQQ,24,Entertainment
42,24,UC9VX0KXNH20x9MCH3xGjisg,Matthias,2017-11-29T23:30:00.000Z,SFr0fCgrTNQ,24,Entertainment
43,24,UC7v3-2K1N84V67IF-WTRG-Q,Jeremy Jahns,2017-11-30T02:21:34.000Z,rdJdJpwmcKU,24,Entertainment
44,24,UCoziFm3M4sHDq1kkx0UwtRw,Glam&Gore,2017-11-30T01:52:27.000Z,0vhxoVwqZkk,24,Entertainment
45,24,UCjSKDpYQkGS005Vf13NAe8A,Bravo,2017-11-30T15:59:55.000Z,MDsJ9hheH30,24,Entertainment
46,24,UCAXR2zenCwvRIyQd9ydtfaA,Beyond The Trailer,2017-11-29T18:53:21.000Z,pWZnhJay0Y8,24,Entertainment
47,24,UC2rJLq19N0dGrxfib80M_fg,HollywoodLife,2017-11-29T00:35:32.000Z,ZfHiw_LFNGw,24,Entertainment
48,24,UClZmCCcrhNaXhWYvZNIolWg,BUILD Series,2017-11-29T18:31:44.000Z,qEklBC2BQig,24,Entertainment
49,24,UC6nNeXnzkj3qQa23AZ5CRHA,Trailers Promos Teasers,2017-11-29T07:54:36.000Z,0EQuVfP-vXs,24,Entertainment
50,24,UChmPDnOUiWx4FrfiljzR_WA,Millie T,2017-11-30T18:00:00.000Z,0MyCrMrkMFo,24,Entertainment
51,24,UCj7V_ikJOXO9RC8at6kYfHQ,E! Entertainment,2017-11-29T15:00:06.000Z,sQi0Yu1ApyE,24,Entertainment
52,24,UCJ0uqCI0Vqr2Rrt1HseGirg,The Late Late Show with James Corden,2017-12-01T06:18:28.000Z,jLM2ibaRbrk,24,Entertainment
53,24,UCU4SM3j_9TNWaSu8KdGV50g,Focus Features,2017-11-30T16:00:33.000Z,TPcV_3D3V2A,24,Entertainment
54,24,UCz97F7dMxBNOfGYu3rx8aCw,Sony Pictures Entertainment,2017-11-29T20:00:53.000Z,KXHrCBkIxQQ,24,Entertainment
55,24,UC9VX0KXNH20x9MCH3xGjisg,Matthias,2017-11-29T23:30:00.000Z,SFr0fCgrTNQ,24,Entertainment
56,24,UC7v3-2K1N84V67IF-WTRG-Q,Jeremy Jahns,2017-11-30T02:21:34.000Z,rdJdJpwmcKU,24,Entertainment
57,24,UCoziFm3M4sHDq1kkx0UwtRw,Glam&Gore,2017-11-30T01:52:27.000Z,0vhxoVwqZkk,24,Entertainment
58,24,UCjSKDpYQkGS005Vf13NAe8A,Bravo,2017-11-30T15:59:55.000Z,MDsJ9hheH30,24,Entertainment
59,24,UCAXR2zenCwvRIyQd9ydtfaA,Beyond The Trailer,2017-11-29T18:53:21.000Z,pWZnhJay0Y8,24,Entertainment
60,24,UC2rJLq19N0dGrxfib80M_fg,HollywoodLife,2017-11-29T00:35:32.000Z,ZfHiw_LFNGw,24,Entertainment
61,24,UClZmCCcrhNaXhWYvZNIolWg,BUILD Series,2017-11-29T18:31:44.000Z,qEklBC2BQig,24,Entertainment
62,24,UC6nNeXnzkj3qQa23AZ5CRHA,Trailers Promos Teasers,2017-11-29T07:54:36.000Z,0EQuVfP-vXs,24,Entertainment
63,24,UChmPDnOUiWx4FrfiljzR_WA,Millie T,2017-11-30T18:00:00.000Z,0MyCrMrkMFo,24,Entertainment
64,24,UCj7V_ikJOXO9RC8at6kYfHQ,E! Entertainment,2017-11-29T15:00:06.000Z,sQi0Yu1ApyE,24,Entertainment
65,24,UCJ0uqCI0Vqr2Rrt1HseGirg,The Late Late Show with James Corden,2017-12-01T06:18:28.000Z,jLM2ibaRbrk,24,Entertainment
66,24,UCU4SM3j_9TNWaSu8KdGV50g,Focus Features,2017-11-30T16:00:33.000Z,TPcV_3D3V2A,24,Entertainment
67,24,UCz97F7dMxBNOfGYu3rx8aCw,Sony Pictures Entertainment,2017-11-29T20:00:53.000Z,KXHrCBkIxQQ,24,Entertainment
68,24,UC9VX0KXNH20x9MCH3xGjisg,Matthias,2017-11-29T23:30:00.000Z,SFr0fCgrTNQ,24,Entertainment
69,24,UC7v3-2K1N84V67IF-WTRG-Q,Jeremy Jahns,2017-11-30T02:21:34.000Z,rdJdJpwmcKU,24,Entertainment
70,24,UCoziFm3M4sHDq1kkx0UwtRw,Glam&Gore,2017-11-30T01:52:27.000Z,0vhxoVwqZkk,24,Entertainment
71,24,UCjSKDpYQkGS005Vf13NAe8A,Bravo,2017-11-30T15:59:55.000Z,MDsJ9hheH30,24,Entertainment
72,24,UCAXR2zenCwvRIyQd9ydtfaA,Beyond The Trailer,2017-11-29T18:53:21.000Z,pWZnhJay0Y8,24,Entertainment
73,24,UC2rJLq19N0dGrxfib80M_fg,HollywoodLife,2017-11-29T00:35:32.000Z,ZfHiw_LFNGw,24,Entertainment
74,24,UClZmCCcrhNaXhWYvZNIolWg,BUILD Series,2017-11-29T18:31:44.000Z,qEklBC2BQig,24,Entertainment
75,24,UC6nNeXnzkj3qQa23AZ5CRHA,Trailers Promos Teasers,2017-11-29T07:54:36.000Z,0EQuVfP-vXs,24,Entertainment
76,24,UChmPDnOUiWx4FrfiljzR_WA,Millie T,2017-11-30T18:00:00.000Z,0MyCrMrkMFo,24,Entertainment
77,24,UCj7V_ikJOXO9RC8at6kYfHQ,E! Entertainment,2017-11-29T15:00:06.000Z,sQi0Yu1ApyE,24,Entertainment
78,24,UCJ0uqCI0Vqr2Rrt1HseGirg,The Late Late Show with James Corden,2017-12-01T06:18:28.000Z,jLM2ibaRbrk,24,Entertainment
79,24,UCU4SM3j_9TNWaSu8KdGV50g,Focus Features,2017-11-30T16:00:33.000Z,TPcV_3D3V2A,24,Entertainment
80,24,UCz97F7dMxBNOfGYu3rx8aCw,Sony Pictures Entertainment,2017-11-29T20:00:53.000Z,KXHrCBkIxQQ,24,Entertainment
81,24,UC9VX0KXNH20x9MCH3xGjisg,Matthias,2017-11-29T23:30:00.000Z,SFr0fCgrTNQ,24,Entertainment
82,24,UC7v3-2K1N84V67IF-WTRG-Q,Jeremy Jahns,2017-11-30T02:21:34.000Z,rdJdJpwmcKU,24,Entertainment
83,24,UCoziFm3M4sHDq1kkx0UwtRw,Glam&Gore,2017-11-30T01:52:27.000Z,0vhxoVwqZkk,24,Entertainment
84,24,UCjSKDpYQkGS005Vf13NAe8A,Bravo,2017-11-30T15:59:55.000Z,MDsJ9hheH30,24,Entertainment
85,24,UCAXR2zenCwvRIyQd9ydtfaA,Beyond The Trailer,2017-11-29T18:53:21.000Z,pWZnhJay0Y8,24,Entertainment
86,24,UC2rJLq19N0dGrxfib80M_fg,HollywoodLife,2017-11-29T00:35:32.000Z,ZfHiw_LFNGw,24,Entertainment
87,24,UClZmCCcrhNaXhWYvZNIolWg,BUILD Series,2017-11-29T18:31:44.000Z,qEklBC2BQig,24,Entertainment
88,24,UC6nNeXnzkj3qQa23AZ5CRHA,Trailers Promos Teasers,2017-11-29T07:54:36.000Z,0EQuVfP-vXs,24,Entertainment
89,24,UChmPDnOUiWx4FrfiljzR_WA,Millie T,2017-11-30T18:00:00.000Z,0MyCrMrkMFo,24,Entertainment
90,24,UCj7V_ikJOXO9RC8at6kYfHQ,E! Entertainment,2017-11-29T15:00:06.000Z,sQi0Yu1ApyE,24,Entertainment
91,24,UCJ0uqCI0Vqr2Rrt1HseGirg,The Late Late Show with James Corden,2017-12-01T06:18:28.000Z,jLM2ibaRbrk,24,Entertainment
92,24,UCU4SM3j_9TNWaSu8KdGV50g,Focus Features,2017-11-30T16:00:33.000Z,TPcV_3D3V2A,24,Entertainment
93,24,UCz97F7dMxBNOfGYu3rx8aCw,Sony Pictures Entertainment,2017-11-29T20:00:53.000Z,KXHrCBkIxQQ,24,Entertainment
94,24,UC9VX0KXNH20x9MCH3xGjisg,Matthias,2017-11-29T23:30:00.000Z,SFr0fCgrTNQ,24,Entertainment
95,24,UC7v3-2K1N84V67IF-WTRG-Q,Jeremy Jahns,2017-11-30T02:21:34.000Z,rdJdJpwmcKU,24,Entertainment
96,24,UCoziFm3M4sHDq1kkx0UwtRw,Glam&Gore,2017-11-30T01:52:27.000Z,0vhxoVwqZkk,24,Entertainment
97,24,UCjSKDpYQkGS005Vf13NAe8A,Bravo,2017-11-30T15:59:55.000Z,MDsJ9hheH30,24,Entertainment
98,24,UCAXR2zenCwvRIyQd9ydtfaA,Beyond The Trailer,2017-11-29T18:53:21.000Z,pWZnhJay0Y8,24,Entertainment
99,24,UC2rJLq19N0dGrxfib80M_fg,HollywoodLife,2017-11-29T00:35:32.000Z,ZfHiw_LFNGw,24,Entertainment
100,24,UClZmCCcrhNaXhWYvZNIolWg,BUILD Series,2017-11-29T18:31:44.000Z,qEklBC2BQig,24,Entertainment
101,24,UC6nNeXnzkj3qQa23AZ5CRHA,Trailers Promos Teasers,2017-11-29T07:54:36.000Z,0EQuVfP-vXs,24,Entertainment
102,24,UChmPDnOUiWx4FrfiljzR_WA,Millie T,2017-11-30T18:00:00.000Z,0MyCrMrkMFo,24,Entertainment
103,24,UCj7V_ikJOXO9RC8at6kYfHQ,E! Entertainment,2017-11-29T15:00:06.000Z,sQi0Yu1ApyE,24,Entertainment
104,24,UCJ0uqCI0Vqr2Rrt1HseGirg,The Late Late Show with James Corden,2017-12-01T06:18:28.000Z,jLM2ibaRbrk,24,Entertainment
105,24,UCU4SM3j_9TNWaSu8KdGV50g,Focus Features,2017-11-30T16:00:33.000Z,TPcV_3D3V2A,24,Entertainment
106,24,UCz97F7dMxBNOfGYu3rx8aCw,Sony Pictures Entertainment,2017-11-29T20:00:53.000Z,KXHrCBkIxQQ,24,Entertainment
107,24,UC9VX0KXNH20x9MCH3xGjisg,Matthias,2017-11-29T23:30:00.000Z,SFr0fCgrTNQ,24,Entertainment
108,24,UC7v3-2K1N84V67IF-WTRG-Q,Jeremy Jahns,2017-11-30T02:21:34.000Z,rdJdJpwmcKU,24,Entertainment
109,24,UCoziFm3M4sHDq1kkx0UwtRw,Glam&Gore,2017-11-30T01:52:27.000Z,0vhxoVwqZkk,24,Entertainment
110,24,UCjSKDpYQkGS005Vf13NAe8A,Bravo,2017-11-30T15:59:55.000Z,MDsJ9hheH30,24,Entertainment
111,24,UCAXR2zenCwvRIyQd9ydtfaA,Beyond The Trailer,2017-11-29T18:53:21.000Z,pWZnhJay0Y8,24,Entertainment
112,24,UC2rJLq19N0dGrxfib80M_fg,HollywoodLife,2017-11-29T00:35:32.000Z,ZfHiw_LFNGw,24,Entertainment
113,24,UClZmCCcrhNaXhWYvZNIolWg,BUILD Series,2017-11-29T18:31:44.000Z,qEklBC2BQig,24,Entertainment
114,24,UC6nNeXnzkj3qQa23AZ5CRHA,Trailers Promos Teasers,2017-11-29T07:54:36.000Z,0EQuVfP-vXs,24,Entertainment
115,24,UChmPDnOUiWx4FrfiljzR_WA,Millie T,2017-11-30T18:00:00.000Z,0MyCrMrkMFo,24,Entertainment
116,24,UCj7V_ikJOXO9RC8at6kYfHQ,E! Entertainment,2017-11-29T15:00:06.000Z,sQi0Yu1ApyE,24,Entertainment
117,24,UCJ0uqCI0Vqr2Rrt1HseGirg,The Late Late Show with James Corden,2017-12-01T06:18:28.000Z,jLM2ibaRbrk,24,Entertainment
118,24,UCU4SM3j_9TNWaSu8KdGV50g,Focus Features,2017-11-30T16:00:33.000Z,TPcV_3D3V2A,24,Entertainment
119,24,UCz97F7dMxBNOfGYu3rx8aCw,Sony Pictures Entertainment,2017-11-29T20:00:53.000Z,KXHrCBkIxQQ,24,Entertainment
120,24,UC9VX0KXNH20x9MCH3xGjisg,Matthias,2017-11-29T23:30:00.000Z,SFr0fCgrTNQ,24,Entertainment
121,24,UC7v3-2K1N84V67IF-WTRG-Q,Jeremy Jahns,2017-11-30T02:21:34.000Z,rdJdJpwmcKU,24,Entertainment
122,24,UCoziFm3M4sHDq1kkx0UwtRw,Glam&Gore,2017-11-30T01:52:27.000Z,0vhxoVwqZkk,24,Entertainment
123,24,UCjSKDpYQkGS005Vf13NAe8A,Bravo,2017-11-30T15:59:55.000Z,MDsJ9hheH30,24,Entertainment
124,24,UCAXR2zenCwvRIyQd9ydtfaA,Beyond The Trailer,2017-11-29T18:53:21.000Z,pWZnhJay0Y8,24,Entertainment
125,24,UC2rJLq19N0dGrxfib80M_fg,HollywoodLife,2017-11-29T00:35:32.000Z,ZfHiw_LFNGw,24,Entertainment
126,24,UClZmCCcrhNaXhWYvZNIolWg,BUILD Series,2017-11-29T18:31:44.000Z,qEklBC2BQig,24,Entertainment
127,24,UC6nNeXnzkj3qQa23AZ5CRHA,Trailers Promos Teasers,2017-11-29T07:54:36.000Z,0EQuVfP-vXs,24,Entertainment
128,24,UChmPDnOUiWx4FrfiljzR_WA,Millie T,2017-11-30T18:00:00.000Z,0MyCrMrkMFo,24,Entertainment
129,24,UCj7V_ikJOXO9RC8at6kYfHQ,E! Entertainment,2017-11-29T15:00:06.000Z,sQi0Yu1ApyE,24,Entertainment
130,24,UCJ0uqCI0Vqr2Rrt1HseGirg,The Late Late Show with James Corden,2017-12-01T06:18:28.000Z,jLM2ibaRbrk,24,Entertainment
131,24,UCU4SM3j_9TNWaSu8KdGV50g,Focus Features,2017-11-30T16:00:33.000Z,TPcV_3D3V2A,24,Entertainment
132,24,UCz97F7dMxBNOfGYu3rx8aCw,Sony Pictures Entertainment,2017-11-29T20:00:53.000Z,KXHrCBkIxQQ,24,Entertainment
133,24,UC9VX0KXNH20x9MCH3xGjisg,Matthias,2017-11-29T23:30:00.000Z,SFr0fCgrTNQ,24,Entertainment
134,24,UC7v3-2K1N84V67IF-WTRG-Q,Jeremy Jahns,2017-11-30T02:21:34.000Z,rdJdJpwmcKU,24,Entertainment
135,24,UCoziFm3M4sHDq1kkx0UwtRw,Glam&Gore,2017-11-30T01:52:27.000Z,0vhxoVwqZkk,24,Entertainment
136,24,UCjSKDpYQkGS005Vf13NAe8A,Bravo,2017-11-30T15:59:55.000Z,MDsJ9hheH30,24,Entertainment
137,24,UCAXR2zenCwvRIyQd9ydtfaA,Beyond The Trailer,2017-11-29T18:53:21.000Z,pWZnhJay0Y8,24,Entertainment
138,24,UC2rJLq19N0dGrxfib80M_fg,HollywoodLife,2017-11-29T00:35:32.000Z,ZfHiw_LFNGw,24,Entertainment
139,24,UClZmCCcrhNaXhWYvZNIolWg,BUILD Series,2017-11-29T18:31:44.000Z,qEklBC2BQig,24,Entertainment
140,24,UC6nNeXnzkj3qQa23AZ5CRHA,Trailers Promos Teasers,2017-11-29T07:54:36.000Z,0EQuVfP-vXs,24,Entertainment
141,24,UChmPDnOUiWx4FrfiljzR_WA,Millie T,2017-11-30T18:00:00.000Z,0MyCrMrkMFo,24,Entertainment
142,24,UCj7V_ikJOXO9RC8at6kYfHQ,E! Entertainment,2017-11-29T15:00:06.000Z,sQi0Yu1ApyE,24,Entertainment
143,24,UCJ0uqCI0Vqr2Rrt1HseGirg,The Late Late Show with James Corden,2017-12-01T06:18:28.000Z,jLM2ibaRbrk,24,Entertainment
144,24,UCU4SM3j_9TNWaSu8KdGV50g,Focus Features,2017-11-30T16:00:33.000Z,TPcV_3D3V2A,24,Entertainment
145,24,UCz97F7dMxBNOfGYu3rx8aCw,Sony Pictures Entertainment,2017-11-29T20:00:53.000Z,KXHrCBkIxQQ,24,Entertainment
146,24,UC9VX0KXNH20x9MCH3xGjisg,Matthias,2017-11-29T23:30:00.000Z,SFr0fCgrTNQ,24,Entertainment
147,24,UC7v3-2K1N84V67IF-WTRG-Q,Jeremy Jahns,2017-11-30T02:21:34.000Z,rdJdJpwmcKU,24,Entertainment
148,24,UCoziFm3M4sHDq1kkx0UwtRw,Glam&Gore,2017-11-30T01:52:27.000Z,0vhxoVwqZkk,24,Entertainment
149,24,UCjSKDpYQkGS005Vf13NAe8A,Bravo,2017-11-30T15:59:55.000Z,MDsJ9hheH30,24,Entertainment
150,24,UCAXR2zenCwvRIyQd9ydtfaA,Beyond The Trailer,2017-11-29T18:53:21.000Z,pWZnhJay0Y8,24,Entertainment
151,24,UC2rJLq19N0dGrxfib80M_fg,HollywoodLife,2017-11-29T00:35:32.000Z,ZfHiw_LFNGw,24,Entertainment
152,24,UClZmCCcrhNaXhWYvZNIolWg,BUILD Series,2017-11-29T18:31:44.000Z,qEklBC2BQig,24,Entertainment
153,24,UC6nNeXnzkj3qQa23AZ5CRHA,Trailers Promos Teasers,2017-11-29T07:54:36.000Z,0EQuVfP-vXs,24,Entertainment
154,24,UChmPDnOUiWx4FrfiljzR_WA,Millie T,2017-11-30T18:00:00.000Z,0MyCrMrkMFo,24,Entertainment
155,24,UCj7V_ikJOXO9RC8at6kYfHQ,E! Entertainment,2017-11-29T15:00:06.000Z,sQi0Yu1ApyE,24,Entertainment
156,24,UCJ0uqCI0Vqr2Rrt1HseGirg,The Late Late Show with James Corden,2017-12-01T06:18:28.000Z,jLM2ibaRbrk,24,Entertainment
157,24,UCU4SM3j_9TNWaSu8KdGV50g,Focus Features,2017-11-30T16:00:33.000Z,TPcV_3D3V2A,24,Entertainment
158,24,UCz97F7dMxBNOfGYu3rx8aCw,Sony Pictures Entertainment,2017-11-29T20:00:53.000Z,KXHrCBkIxQQ,24,Entertainment
159,24,UC9VX0KXNH20x9MCH3xGjisg,Matthias,2017-11-29T23:30:00.000Z,SFr0fCgrTNQ,24,Entertainment
160,24,UC7v3-2K1N84V67IF-WTRG-Q,Jeremy Jahns,2017-11-30T02:21:34.000Z,rdJdJpwmcKU,24,Entertainment
161,24,UCoziFm3M4sHDq1kkx0UwtRw,Glam&Gore,2017-11-30T01:52:27.000Z,0vhxoVwqZkk,24,Entertainment
162,24,UCjSKDpYQkGS005Vf13NAe8A,Bravo,2017-11-30T15:59:55.000Z,MDsJ9hheH30,24,Entertainment
163,24,UCAXR2zenCwvRIyQd9ydtfaA,Beyond The Trailer,2017-11-29T18:53:21.000Z,pWZnhJay0Y8,24,Entertainment
164,24,UC2rJLq19N0dGrxfib80M_fg,HollywoodLife,2017-11-29T00:35:32.000Z,ZfHiw_LFNGw,24,Entertainment
165,24,UClZmCCcrhNaXhWYvZNIolWg,BUILD Series,2017-11-29T18:31:44.000Z,qEklBC2BQig,24,Entertainment
166,24,UC6nNeXnzkj3qQa23AZ5CRHA,Trailers Promos Teasers,2017-11-29T07:54:36.000Z,0EQuVfP-vXs,24,Entertainment
167,24,UChmPDnOUiWx4FrfiljzR_WA,Millie T,2017-11-30T18:00:00.000Z,0MyCrMrkMFo,24,Entertainment
168,24,UCj7V_ikJOXO9RC8at6kYfHQ,E! Entertainment,2017-11-29T15:00:06.000Z,sQi0Yu1ApyE,24,Entertainment
169,24,UCJ0uqCI0Vqr2Rrt1HseGirg,The Late Late Show with James Corden,2017-12-01T06:18:28.000Z,jLM2ibaRbrk,24,Entertainment
170,24,UCU4SM3j_9TNWaSu8KdGV50g,Focus Features,2017-11-30T16:00:33.000Z,TPcV_3D3V2A,24,Entertainment
171,24,UCz97F7dMxBNOfGYu3rx8aCw,Sony Pictures Entertainment,2017-11-29T20:00:53.000Z,KXHrCBkIxQQ,24,Entertainment
172,24,UC9VX0KXNH20x9MCH3xGjisg,Matthias,2017-11-29T23:30:00.000Z,SFr0fCgrTNQ,24,Entertainment
173,24,UC7v3-2K1N84V67IF-WTRG-Q,Jeremy Jahns,2017-11-30T02:21:34.000Z,rdJdJpwmcKU,24,Entertainment
174,24,UCoziFm3M4sHDq1kkx0UwtRw,Glam&Gore,2017-11-30T01:52:27.000Z,0vhxoVwqZkk,24,Entertainment
175,24,UCjSKDpYQkGS005Vf13NAe8A,Bravo,2017-11-30T15:59:55.000Z,MDsJ9hheH30,24,Entertainment
176,24,UCAXR2zenCwvRIyQd9ydtfaA,Beyond The Trailer,2017-11-29T18:53:21.000Z,pWZnhJay0Y8,24,Entertainment
177,24,UC2rJLq19N0dGrxfib80M_fg,HollywoodLife,2017-11-29T00:35:32.000Z,ZfHiw_LFNGw,24,Entertainment
178,24,UClZmCCcrhNaXhWYvZNIolWg,BUILD Series,2017-11-29T18:31:44.000Z,qEklBC2BQig,24,Entertainment
179,24,UC6nNeXnzkj3qQa23AZ5CRHA,Trailers Promos Teasers,2017-11-29T07:54:36.000Z,0EQuVfP-vXs,24,Entertainment
180,24,UChmPDnOUiWx4FrfiljzR_WA,Millie T,2017-11-30T18:00:00.000Z,0MyCrMrkMFo,24,Entertainment
181,24,UCj7V_ikJOXO9RC8at6kYfHQ,E! Entertainment,2017-11-29T15:00:06.000Z,sQi0Yu1ApyE,24,Entertainment
182,24,UCJ0uqCI0Vqr2Rrt1HseGirg,The Late Late Show with James Corden,2017-12-01T06:18:28.000Z,jLM2ibaRbrk,24,Entertainment
183,24,UCU4SM3j_9TNWaSu8KdGV50g,Focus Features,2017-11-30T16:00:33.000Z,TPcV_3D3V2A,24,Entertainment
184,24,UCz97F7dMxBNOfGYu3rx8aCw,Sony Pictures Entertainment,2017-11-29T20:00:53.000Z,KXHrCBkIxQQ,24,Entertainment
185,24,UC9VX0KXNH20x9MCH3xGjisg,Matthias,2017-11-29T23:30:00.000Z,SFr0fCgrTNQ,24,Entertainment
186,24,UC7v3-2K1N84V67IF-WTRG-Q,Jeremy Jahns,2017-11-30T02:21:34.000Z,rdJdJpwmcKU,24,Entertainment
187,24,UCoziFm3M4sHDq1kkx0UwtRw,Glam&Gore,2017-11-30T01:52:27.000Z,0vhxoVwqZkk,24,Entertainment
188,24,UCjSKDpYQkGS005Vf13NAe8A,Bravo,2017-11-30T15:59:55.000Z,MDsJ9hheH30,24,Entertainment
189,24,UCAXR2zenCwvRIyQd9ydtfaA,Beyond The Trailer,2017-11-29T18:53:21.000Z,pWZnhJay0Y8,24,Entertainment
190,24,UC2rJLq19N0dGrxfib80M_fg,HollywoodLife,2017-11-29T00:35:32.000Z,ZfHiw_LFNGw,24,Entertainment
191,24,UClZmCCcrhNaXhWYvZNIolWg,BUILD Series,2017-11-29T18:31:44.000Z,qEklBC2BQig,24,Entertainment
192,24,UC6nNeXnzkj3qQa23AZ5CRHA,Trailers Promos Teasers,2017-11-29T07:54:36.000Z,0EQuVfP-vXs,24,Entertainment
193,24,UChmPDnOUiWx4FrfiljzR_WA,Millie T,2017-11-30T18:00:00.000Z,0MyCrMrkMFo,24,Entertainment
194,24,UCj7V_ikJOXO9RC8at6kYfHQ,E! Entertainment,2017-11-29T15:00:06.000Z,sQi0Yu1ApyE,24,Entertainment
195,24,UCJ0uqCI0Vqr2Rrt1HseGirg,The Late Late Show with James Corden,2017-12-01T06:18:28.000Z,jLM2ibaRbrk,24,Entertainment
196,24,UCU4SM3j_9TNWaSu8KdGV50g,Focus Features,2017-11-30T16:00:33.000Z,TPcV_3D3V2A,24,Entertainment
197,24,UCz97F7dMxBNOfGYu3rx8aCw,Sony Pictures Entertainment,2017-11-29T20:00:53.000Z,KXHrCBkIxQQ,24,Entertainment
198,24,UC9VX0KXNH20x9MCH3xGjisg,Matthias,2017-11-29T23:30:00.000Z,SFr0fCgrTNQ,24,Entertainment
199,24,UC7v3-2K1N84V67IF-WTRG-Q,Jeremy Jahns,2017-11-30T02:21:34.000Z,rdJdJpwmcKU,24,Entertainment
200,24,UCoziFm3M4sHDq1kkx0UwtRw,Glam&Gore,2017-11-30T01:52:27.000Z,0vhxoVwqZkk,24,Entertainment
201,24,UCjSKDpYQkGS005Vf13NAe8A,Bravo,2017-11-30T15:59:55.000Z,MDsJ9hheH30,24,Entertainment
202,24,UCAXR2zenCwvRIyQd9ydtfaA,Beyond The Trailer,2017-11-29T18:53:21.000Z,pWZnhJay0Y8,24,Entertainment
203,24,UC2rJLq19N0dGrxfib80M_fg,HollywoodLife,2017-11-29T00:35:32.000Z,ZfHiw_LFNGw,24,Entertainment
204,24,UClZmCCcrhNaXhWYvZNIolWg,BUILD Series,2017-11-29T18:31:44.000Z,qEklBC2BQig,24,Entertainment
205,24,UC6nNeXnzkj3qQa23AZ5CRHA,Trailers Promos Teasers,2017-11-29T07:54:36.000Z,0EQuVfP-vXs,24,Entertainment
206,24,UChmPDnOUiWx4FrfiljzR_WA,Millie T,2017-11-30T18:00:00.000Z,0MyCrMrkMFo,24,Entertainment
207,24,UCj7V_ikJOXO9RC8at6kYfHQ,E! Entertainment,2017-11-29T15:00:06.000Z,sQi0Yu1ApyE,24,Entertainment
208,24,UCJ0uqCI0Vqr2Rrt1HseGirg,The Late Late Show with James Corden,2017-12-01T06:18:28.000Z,jLM2ibaRbrk,24,Entertainment
209,24,UCU4SM3j_9TNWaSu8KdGV50g,Focus Features,2017-11-30T16:00:33.000Z,TPcV_3D3V2A,24,Entertainment
210,24,UCz97F7dMxBNOfGYu3rx8aCw,Sony Pictures Entertainment,2017-11-29T20:00:53.000Z,KXHrCBkIxQQ,24,Entertainment
211,24,UC9VX0KXNH20x9MCH3xGjisg,Matthias,2017-11-29T23:30:00.000Z,SFr0fCgrTNQ,24,Entertainment
212,24,UC7v3-2K1N84V67IF-WTRG-Q,Jeremy Jahns,2017-11-30T02:21:34.000Z,rdJdJpwmcKU,24,Entertainment
213,24,UCoziFm3M4sHDq1kkx0UwtRw,Glam&Gore,2017-11-30T01:52:27.000Z,0vhxoVwqZkk,24,Entertainment
214,24,UCjSKDpYQkGS005Vf13NAe8A,Bravo,2017-11-30T15:59:55.000Z,MDsJ9hheH30,24,Entertainment
215,24,UCAXR2zenCwvRIyQd9ydtfaA,Beyond The Trailer,2017-11-29T18:53:21.000Z,pWZnhJay0Y8,24,Entertainment
216,24,UC2rJLq19N0dGrxfib80M_fg,HollywoodLife,2017-11-29T00:35:32.000Z,ZfHiw_LFNGw,24,Entertainment
217,24,UClZmCCcrhNaXhWYvZNIolWg,BUILD Series,2017-11-29T18:31:44.000Z,qEklBC2BQig,24,Entertainment
218,24,UC6nNeXnzkj3qQa23AZ5CRHA,Trailers Promos Teasers,2017-11-29T07:54:36.000Z,0EQuVfP-vXs,24,Entertainment
219,24,UChmPDnOUiWx4FrfiljzR_WA,Millie T,2017-11-30T18:00:00.000Z,0MyCrMrkMFo,24,Entertainment
220,24,UCj7V_ikJOXO9RC8at6kYfHQ,E! Entertainment,2017-11-29T15:00:06.000Z,sQi0Yu1ApyE,24,Entertainment
221,24,UCJ0uqCI0Vqr2Rrt1HseGirg,The Late Late Show with James Corden,2017-12-01T06:18:28.000Z,jLM2ibaRbrk,24,Entertainment
222,24,UCU4SM3j_9TNWaSu8KdGV50g,Focus Features,2017-11-30T16:00:33.000Z,TPcV_3D3V2A,24,Entertainment
223,24,UCz97F7dMxBNOfGYu3rx8aCw,Sony Pictures Entertainment,2017-11-29T20:00:53.000Z,KXHrCBkIxQQ,24,Entertainment
224,24,UC9VX0KXNH20x9MCH3xGjisg,Matthias,2017-11-29T23:30:00.000Z,SFr0fCgrTNQ,24,Entertainment
225,24,UC7v3-2K1N84V67IF-WTRG-Q,Jeremy Jahns,2017-11-30T02:21:34.000Z,rdJdJpwmcKU,24,Entertainment
226,24,UCoziFm3M4sHDq1kkx0UwtRw,Glam&Gore,2017-11-30T01:52:27.000Z,0vhxoVwqZkk,24,Entertainment
227,24,UCjSKDpYQkGS005Vf13NAe8A,Bravo,2017-11-30T15:59:55.000Z,MDsJ9hheH30,24,Entertainment
228,24,UCAXR2zenCwvRIyQd9ydtfaA,Beyond The Trailer,2017-11-29T18:53:21.000Z,pWZnhJay0Y8,24,Entertainment
229,24,UC2rJLq19N0dGrxfib80M_fg,HollywoodLife,2017-11-29T00:35:32.000Z,ZfHiw_LFNGw,24,Entertainment
230,24,UClZmCCcrhNaXhWYvZNIolWg,BUILD Series,2017-11-29T18:31:44.000Z,qEklBC2BQig,24,Entertainment
231,24,UC6nNeXnzkj3qQa23AZ5CRHA,Trailers Promos Teasers,2017-11-29T07:54:36.000Z,0EQuVfP-vXs,24,Entertainment
232,24,UChmPDnOUiWx4FrfiljzR_WA,Millie T,2017-11-30T18:00:00.000Z,0MyCrMrkMFo,24,Entertainment
233,24,UCj7V_ikJOXO9RC8at6kYfHQ,E! Entertainment,2017-11-29T15:00:06.000Z,sQi0Yu1ApyE,24,Entertainment
234,24,UCJ0uqCI0Vqr2Rrt1HseGirg,The Late Late Show with James Corden,2017-12-01T06:18:28.000Z,jLM2ibaRbrk,24,Entertainment
235,24,UCU4SM3j_9TNWaSu8KdGV50g,Focus Features,2017-11-30T16:00:33.000Z,TPcV_3D3V2A,24,Entertainment
236,24,UCz97F7dMxBNOfGYu3rx8aCw,Sony Pictures Entertainment,2017-11-29T20:00:53.000Z,KXHrCBkIxQQ,24,Entertainment
237,24,UC9VX0KXNH20x9MCH3xGjisg,Matthias,2017-11-29T23:30:00.000Z,SFr0fCgrTNQ,24,Entertainment
238,24,UC7v3-2K1N84V67IF-WTRG-Q,Jeremy Jahns,2017-11-30T02:21:34.000Z,rdJdJpwmcKU,24,Entertainment
239,24,UCoziFm3M4sHDq1kkx0UwtRw,Glam&Gore,2017-11-30T01:52:27.000Z,0vhxoVwqZkk,24,Entertainment
240,24,UCjSKDpYQkGS005Vf13NAe8A,Bravo,2017-11-30T15:59:55.000Z,MDsJ9hheH30,24,Entertainment
241,24,UCAXR2zenCwvRIyQd9ydtfaA,Beyond The Trailer,2017-11-29T18:53:21.000Z,pWZnhJay0Y8,24,Entertainment
242,24,UC2rJLq19N0dGrxfib80M_fg,HollywoodLife,2017-11-29T00:35:32.000Z,ZfHiw_LFNGw,24,Entertainment
243,24,UClZmCCcrhNaXhWYvZNIolWg,BUILD Series,2017-11-29T18:31:44.000Z,qEklBC2BQig,24,Entertainment
244,24,UC6nNeXnzkj3qQa23AZ5CRHA,Trailers Promos Teasers,2017-11-29T07:54:36.000Z,0EQuVfP-vXs,24,Entertainment
245,24,UChmPDnOUiWx4FrfiljzR_WA,Millie T,2017-11-30T18:00:00.000Z,0MyCrMrkMFo,24,Entertainment
246,24,UCj7V_ikJOXO9RC8at6kYfHQ,E! Entertainment,2017-11-29T15:00:06.000Z,sQi0Yu1ApyE,24,Entertainment
247,24,UCJ0uqCI0Vqr2Rrt1HseGirg,The Late Late Show with James Corden,2017-12-01T06:18:28.000Z,jLM2ibaRbrk,24,Entertainment
248,24,UCU4SM3j_9TNWaSu8KdGV50g,Focus Features,2017-11-30T16:00:33.000Z,TPcV_3D3V2A,24,Entertainment
249,24,UCz97F7dMxBNOfGYu3rx8aCw,Sony Pictures Entertainment,2017-11-29T20:00:53.000Z,KXHrCBkIxQQ,24,Entertainment
250,24,UC9VX0KXNH20x9MCH3xGjisg,Matthias,2017-11-29T23:30:00.000Z,SFr0fCgrTNQ,24,Entertainment
251,24,UC7v3-2K1N84V67IF-WTRG-Q,Jeremy Jahns,2017-11-30T02:21:34.000Z,rdJdJpwmcKU,24,Entertainment
252,24,UCoziFm3M4sHDq1kkx0UwtRw,Glam&Gore,2017-11-30T01:52:27.000Z,0vhxoVwqZkk,24,Entertainment
253,24,UCjSKDpYQkGS005Vf13NAe8A,Bravo,2017-11-30T15:59:55.000Z,MDsJ9hheH30,24,Entertainment
254,24,UCAXR2zenCwvRIyQd9ydtfaA,Beyond The Trailer,2017-11-29T18:53:21.000Z,pWZnhJay0Y8,24,Entertainment
255,24,UC2rJLq19N0dGrxfib80M_fg,HollywoodLife,2017-11-29T00:35:32.000Z,ZfHiw_LFNGw,24,Entertainment
256,24,UClZmCCcrhNaXhWYvZNIolWg,BUILD Series,2017-11-29T18:31:44.000Z,qEklBC2BQig,24,Entertainment
257,24,UC6nNeXnzkj3qQa23AZ5CRHA,Trailers Promos Teasers,2017-11-29T07:54:36.000Z,0EQuVfP-vXs,24,Entertainment
258,24,UChmPDnOUiWx4FrfiljzR_WA,Millie T,2017-11-30T18:00:00.000Z,0MyCrMrkMFo,24,Entertainment
259,24,UCj7V_ikJOXO9RC8at6kYfHQ,E! Entertainment,2017-11-29T15:00:06.000Z,sQi0Yu1ApyE,24,Entertainment
260,10,UC8gbK8uoqKhlACSeenUPkFQ,neilyoungchannel,2017-12-01T16:00:01.000Z,tfyNPxM-M-w,10,Music
261,10,UCFlFU7Px-ez8S69KvOwzUvg,Snapchat,2017-11-29T14:00:03.000Z,nx1R-eHSkfM,10,Music
262,10,UCw1jzpWLPERKng35P3vN78A,Hunter Hayes,2017-12-01T15:00:06.000Z,HaRpFCEWLE0,10,Music
263,10,UCteMJzhMoMh1-WN6d2u6NEg,LukeBryanVEVO,2017-12-01T05:00:01.000Z,7NcVNt7zQJM,10,Music
264,10,UCafVZzwtU8XUWbXGs4LYtdg,TheScriptVEVO,2017-12-01T08:00:07.000Z,vOKOamXsXYE,10,Music
265,10,UC1bszM52V3aZSqpXZFbP1zg,LissieVEVO,2017-12-01T16:00:01.000Z,EA5Tn5Gw_8s,10,Music
266,10,UC3Pa0DVzVkqEN_CwsNMapqg,SamSmithWorldVEVO,2017-11-29T12:00:00.000Z,7AXo-bYGXI4,10,Music
267,10,UCy_JTXp58oTDBQHAh9Vqbiw,PrettyMuchVEVO,2017-12-01T05:00:02.000Z,jSh3FFKFH_g,10,Music
268,10,UCXgifdDuPr7cHvnwv5y3qIw,First Aid Kit,2017-12-01T05:00:00.000Z,GxLYCKB8v2w,10,Music
269,10,UC05i95k-w8CvrtZ-yGTob7A,Alesso,2017-11-29T22:00:44.000Z,Iay3Wu6wybA,10,Music
270,10,UCOw4v1j3QnzH7X4krQAS7fg,Tessa Violet,2017-12-01T19:38:52.000Z,Bju5Enu--80,10,Music
271,10,UCEGQWfJHdsIZ38mtCmFlwgg,CYNVEVO,2017-11-30T16:00:00.000Z,0xCggNCs2kU,10,Music
272,10,UCTV0CAq7RoWSZSCXQ-4CCag,SigridVEVO,2017-11-30T16:00:02.000Z,cIriwVhRPVA,10,Music
273,10,UC8gbK8uoqKhlACSeenUPkFQ,neilyoungchannel,2017-12-01T16:00:01.000Z,tfyNPxM-M-w,10,Music
274,10,UCFlFU7Px-ez8S69KvOwzUvg,Snapchat,2017-11-29T14:00:03.000Z,nx1R-eHSkfM,10,Music
275,10,UCw1jzpWLPERKng35P3vN78A,Hunter Hayes,2017-12-01T15:00:06.000Z,HaRpFCEWLE0,10,Music
276,10,UCteMJzhMoMh1-WN6d2u6NEg,LukeBryanVEVO,2017-12-01T05:00:01.000Z,7NcVNt7zQJM,10,Music
277,10,UCafVZzwtU8XUWbXGs4LYtdg,TheScriptVEVO,2017-12-01T08:00:07.000Z,vOKOamXsXYE,10,Music
278,10,UC1bszM52V3aZSqpXZFbP1zg,LissieVEVO,2017-12-01T16:00:01.000Z,EA5Tn5Gw_8s,10,Music
279,10,UC3Pa0DVzVkqEN_CwsNMapqg,SamSmithWorldVEVO,2017-11-29T12:00:00.000Z,7AXo-bYGXI4,10,Music
280,10,UCy_JTXp58oTDBQHAh9Vqbiw,PrettyMuchVEVO,2017-12-01T05:00:02.000Z,jSh3FFKFH_g,10,Music
281,10,UCXgifdDuPr7cHvnwv5y3qIw,First Aid Kit,2017-12-01T05:00:00.000Z,GxLYCKB8v2w,10,Music
282,10,UC05i95k-w8CvrtZ-yGTob7A,Alesso,2017-11-29T22:00:44.000Z,Iay3Wu6wybA,10,Music
283,10,UCOw4v1j3QnzH7X4krQAS7fg,Tessa Violet,2017-12-01T19:38:52.000Z,Bju5Enu--80,10,Music
284,10,UCEGQWfJHdsIZ38mtCmFlwgg,CYNVEVO,2017-11-30T16:00:00.000Z,0xCggNCs2kU,10,Music
285,10,UCTV0CAq7RoWSZSCXQ-4CCag,SigridVEVO,2017-11-30T16:00:02.000Z,cIriwVhRPVA,10,Music
286,10,UC8gbK8uoqKhlACSeenUPkFQ,neilyoungchannel,2017-12-01T16:00:01.000Z,tfyNPxM-M-w,10,Music
287,10,UCFlFU7Px-ez8S69KvOwzUvg,Snapchat,2017-11-29T14:00:03.000Z,nx1R-eHSkfM,10,Music
288,10,UCw1jzpWLPERKng35P3vN78A,Hunter Hayes,2017-12-01T15:00:06.000Z,HaRpFCEWLE0,10,Music
289,10,UCteMJzhMoMh1-WN6d2u6NEg,LukeBryanVEVO,2017-12-01T05:00:01.000Z,7NcVNt7zQJM,10,Music
290,10,UCafVZzwtU8XUWbXGs4LYtdg,TheScriptVEVO,2017-12-01T08:00:07.000Z,vOKOamXsXYE,10,Music
291,10,UC1bszM52V3aZSqpXZFbP1zg,LissieVEVO,2017-12-01T16:00:01.000Z,EA5Tn5Gw_8s,10,Music
292,10,UC3Pa0DVzVkqEN_CwsNMapqg,SamSmithWorldVEVO,2017-11-29T12:00:00.000Z,7AXo-bYGXI4,10,Music
293,10,UCy_JTXp58oTDBQHAh9Vqbiw,PrettyMuchVEVO,2017-12-01T05:00:02.000Z,jSh3FFKFH_g,10,Music
294,10,UCXgifdDuPr7cHvnwv5y3qIw,First Aid Kit,2017-12-01T05:00:00.000Z,GxLYCKB8v2w,10,Music
295,10,UC05i95k-w8CvrtZ-yGTob7A,Alesso,2017-11-29T22:00:44.000Z,Iay3Wu6wybA,10,Music
296,10,UCOw4v1j3QnzH7X4krQAS7fg,Tessa Violet,2017-12-01T19:38:52.000Z,Bju5Enu--80,10,Music
297,10,UCEGQWfJHdsIZ38mtCmFlwgg,CYNVEVO,2017-11-30T16:00:00.000Z,0xCggNCs2kU,10,Music
298,10,UCTV0CAq7RoWSZSCXQ-4CCag,SigridVEVO,2017-11-30T16:00:02.000Z,cIriwVhRPVA,10,Music
299,10,UC8gbK8uoqKhlACSeenUPkFQ,neilyoungchannel,2017-12-01T16:00:01.000Z,tfyNPxM-M-w,10,Music
300,10,UCFlFU7Px-ez8S69KvOwzUvg,Snapchat,2017-11-29T14:00:03.000Z,nx1R-eHSkfM,10,Music
301,10,UCw1jzpWLPERKng35P3vN78A,Hunter Hayes,2017-12-01T15:00:06.000Z,HaRpFCEWLE0,10,Music
302,10,UCteMJzhMoMh1-WN6d2u6NEg,LukeBryanVEVO,2017-12-01T05:00:01.000Z,7NcVNt7zQJM,10,Music
303,10,UCafVZzwtU8XUWbXGs4LYtdg,TheScriptVEVO,2017-12-01T08:00:07.000Z,vOKOamXsXYE,10,Music
304,10,UC1bszM52V3aZSqpXZFbP1zg,LissieVEVO,2017-12-01T16:00:01.000Z,EA5Tn5Gw_8s,10,Music
305,10,UC3Pa0DVzVkqEN_CwsNMapqg,SamSmithWorldVEVO,2017-11-29T12:00:00.000Z,7AXo-bYGXI4,10,Music
306,10,UCy_JTXp58oTDBQHAh9Vqbiw,PrettyMuchVEVO,2017-12-01T05:00:02.000Z,jSh3FFKFH_g,10,Music
307,10,UCXgifdDuPr7cHvnwv5y3qIw,First Aid Kit,2017-12-01T05:00:00.000Z,GxLYCKB8v2w,10,Music
308,10,UC05i95k-w8CvrtZ-yGTob7A,Alesso,2017-11-29T22:00:44.000Z,Iay3Wu6wybA,10,Music
309,10,UCOw4v1j3QnzH7X4krQAS7fg,Tessa Violet,2017-12-01T19:38:52.000Z,Bju5Enu--80,10,Music
310,10,UCEGQWfJHdsIZ38mtCmFlwgg,CYNVEVO,2017-11-30T16:00:00.000Z,0xCggNCs2kU,10,Music
311,10,UCTV0CAq7RoWSZSCXQ-4CCag,SigridVEVO,2017-11-30T16:00:02.000Z,cIriwVhRPVA,10,Music
312,10,UC8gbK8uoqKhlACSeenUPkFQ,neilyoungchannel,2017-12-01T16:00:01.000Z,tfyNPxM-M-w,10,Music
313,10,UCFlFU7Px-ez8S69KvOwzUvg,Snapchat,2017-11-29T14:00:03.000Z,nx1R-eHSkfM,10,Music
314,10,UCw1jzpWLPERKng35P3vN78A,Hunter Hayes,2017-12-01T15:00:06.000Z,HaRpFCEWLE0,10,Music
315,10,UCteMJzhMoMh1-WN6d2u6NEg,LukeBryanVEVO,2017-12-01T05:00:01.000Z,7NcVNt7zQJM,10,Music
316,10,UCafVZzwtU8XUWbXGs4LYtdg,TheScriptVEVO,2017-12-01T08:00:07.000Z,vOKOamXsXYE,10,Music
317,10,UC1bszM52V3aZSqpXZFbP1zg,LissieVEVO,2017-12-01T16:00:01.000Z,EA5Tn5Gw_8s,10,Music
318,10,UC3Pa0DVzVkqEN_CwsNMapqg,SamSmithWorldVEVO,2017-11-29T12:00:00.000Z,7AXo-bYGXI4,10,Music
319,10,UCy_JTXp58oTDBQHAh9Vqbiw,PrettyMuchVEVO,2017-12-01T05:00:02.000Z,jSh3FFKFH_g,10,Music
320,10,UCXgifdDuPr7cHvnwv5y3qIw,First Aid Kit,2017-12-01T05:00:00.000Z,GxLYCKB8v2w,10,Music
321,10,UC05i95k-w8CvrtZ-yGTob7A,Alesso,2017-11-29T22:00:44.000Z,Iay3Wu6wybA,10,Music
322,10,UCOw4v1j3QnzH7X4krQAS7fg,Tessa Violet,2017-12-01T19:38:52.000Z,Bju5Enu--80,10,Music
323,10,UCEGQWfJHdsIZ38mtCmFlwgg,CYNVEVO,2017-11-30T16:00:00.000Z,0xCggNCs2kU,10,Music
324,10,UCTV0CAq7RoWSZSCXQ-4CCag,SigridVEVO,2017-11-30T16:00:02.000Z,cIriwVhRPVA,10,Music
325,10,UC8gbK8uoqKhlACSeenUPkFQ,neilyoungchannel,2017-12-01T16:00:01.000Z,tfyNPxM-M-w,10,Music
326,10,UCFlFU7Px-ez8S69KvOwzUvg,Snapchat,2017-11-29T14:00:03.000Z,nx1R-eHSkfM,10,Music
327,10,UCw1jzpWLPERKng35P3vN78A,Hunter Hayes,2017-12-01T15:00:06.000Z,HaRpFCEWLE0,10,Music
328,10,UCteMJzhMoMh1-WN6d2u6NEg,LukeBryanVEVO,2017-12-01T05:00:01.000Z,7NcVNt7zQJM,10,Music
329,10,UCafVZzwtU8XUWbXGs4LYtdg,TheScriptVEVO,2017-12-01T08:00:07.000Z,vOKOamXsXYE,10,Music
330,10,UC1bszM52V3aZSqpXZFbP1zg,LissieVEVO,2017-12-01T16:00:01.000Z,EA5Tn5Gw_8s,10,Music
331,10,UC3Pa0DVzVkqEN_CwsNMapqg,SamSmithWorldVEVO,2017-11-29T12:00:00.000Z,7AXo-bYGXI4,10,Music
332,10,UCy_JTXp58oTDBQHAh9Vqbiw,PrettyMuchVEVO,2017-12-01T05:00:02.000Z,jSh3FFKFH_g,10,Music
333,10,UCXgifdDuPr7cHvnwv5y3qIw,First Aid Kit,2017-12-01T05:00:00.000Z,GxLYCKB8v2w,10,Music
334,10,UC05i95k-w8CvrtZ-yGTob7A,Alesso,2017-11-29T22:00:44.000Z,Iay3Wu6wybA,10,Music
335,10,UCOw4v1j3QnzH7X4krQAS7fg,Tessa Violet,2017-12-01T19:38:52.000Z,Bju5Enu--80,10,Music
336,10,UCEGQWfJHdsIZ38mtCmFlwgg,CYNVEVO,2017-11-30T16:00:00.000Z,0xCggNCs2kU,10,Music
337,10,UCTV0CAq7RoWSZSCXQ-4CCag,SigridVEVO,2017-11-30T16:00:02.000Z,cIriwVhRPVA,10,Music
338,10,UC8gbK8uoqKhlACSeenUPkFQ,neilyoungchannel,2017-12-01T16:00:01.000Z,tfyNPxM-M-w,10,Music
339,10,UCFlFU7Px-ez8S69KvOwzUvg,Snapchat,2017-11-29T14:00:03.000Z,nx1R-eHSkfM,10,Music
340,10,UCw1jzpWLPERKng35P3vN78A,Hunter Hayes,2017-12-01T15:00:06.000Z,HaRpFCEWLE0,10,Music
341,10,UCteMJzhMoMh1-WN6d2u6NEg,LukeBryanVEVO,2017-12-01T05:00:01.000Z,7NcVNt7zQJM,10,Music
342,10,UCafVZzwtU8XUWbXGs4LYtdg,TheScriptVEVO,2017-12-01T08:00:07.000Z,vOKOamXsXYE,10,Music
343,10,UC1bszM52V3aZSqpXZFbP1zg,LissieVEVO,2017-12-01T16:00:01.000Z,EA5Tn5Gw_8s,10,Music
344,10,UC3Pa0DVzVkqEN_CwsNMapqg,SamSmithWorldVEVO,2017-11-29T12:00:00.000Z,7AXo-bYGXI4,10,Music
345,10,UCy_JTXp58oTDBQHAh9Vqbiw,PrettyMuchVEVO,2017-12-01T05:00:02.000Z,jSh3FFKFH_g,10,Music
346,10,UCXgifdDuPr7cHvnwv5y3qIw,First Aid Kit,2017-12-01T05:00:00.000Z,GxLYCKB8v2w,10,Music
347,10,UC05i95k-w8CvrtZ-yGTob7A,Alesso,2017-11-29T22:00:44.000Z,Iay3Wu6wybA,10,Music
348,10,UCOw4v1j3QnzH7X4krQAS7fg,Tessa Violet,2017-12-01T19:38:52.000Z,Bju5Enu--80,10,Music
349,10,UCEGQWfJHdsIZ38mtCmFlwgg,CYNVEVO,2017-11-30T16:00:00.000Z,0xCggNCs2kU,10,Music
350,10,UCTV0CAq7RoWSZSCXQ-4CCag,SigridVEVO,2017-11-30T16:00:02.000Z,cIriwVhRPVA,10,Music
351,10,UC8gbK8uoqKhlACSeenUPkFQ,neilyoungchannel,2017-12-01T16:00:01.000Z,tfyNPxM-M-w,10,Music
352,10,UCFlFU7Px-ez8S69KvOwzUvg,Snapchat,2017-11-29T14:00:03.000Z,nx1R-eHSkfM,10,Music
353,10,UCw1jzpWLPERKng35P3vN78A,Hunter Hayes,2017-12-01T15:00:06.000Z,HaRpFCEWLE0,10,Music
354,10,UCteMJzhMoMh1-WN6d2u6NEg,LukeBryanVEVO,2017-12-01T05:00:01.000Z,7NcVNt7zQJM,10,Music
355,10,UCafVZzwtU8XUWbXGs4LYtdg,TheScriptVEVO,2017-12-01T08:00:07.000Z,vOKOamXsXYE,10,Music
356,10,UC1bszM52V3aZSqpXZFbP1zg,LissieVEVO,2017-12-01T16:00:01.000Z,EA5Tn5Gw_8s,10,Music
357,10,UC3Pa0DVzVkqEN_CwsNMapqg,SamSmithWorldVEVO,2017-11-29T12:00:00.000Z,7AXo-bYGXI4,10,Music
358,10,UCy_JTXp58oTDBQHAh9Vqbiw,PrettyMuchVEVO,2017-12-01T05:00:02.000Z,jSh3FFKFH_g,10,Music
359,10,UCXgifdDuPr7cHvnwv5y3qIw,First Aid Kit,2017-12-01T05:00:00.000Z,GxLYCKB8v2w,10,Music
360,10,UC05i95k-w8CvrtZ-yGTob7A,Alesso,2017-11-29T22:00:44.000Z,Iay3Wu6wybA,10,Music
361,10,UCOw4v1j3QnzH7X4krQAS7fg,Tessa Violet,2017-12-01T19:38:52.000Z,Bju5Enu--80,10,Music
362,10,UCEGQWfJHdsIZ38mtCmFlwgg,CYNVEVO,2017-11-30T16:00:00.000Z,0xCggNCs2kU,10,Music
363,10,UCTV0CAq7RoWSZSCXQ-4CCag,SigridVEVO,2017-11-30T16:00:02.000Z,cIriwVhRPVA,10,Music
364,10,UC8gbK8uoqKhlACSeenUPkFQ,neilyoungchannel,2017-12-01T16:00:01.000Z,tfyNPxM-M-w,10,Music
365,10,UCFlFU7Px-ez8S69KvOwzUvg,Snapchat,2017-11-29T14:00:03.000Z,nx1R-eHSkfM,10,Music
366,10,UCw1jzpWLPERKng35P3vN78A,Hunter Hayes,2017-12-01T15:00:06.000Z,HaRpFCEWLE0,10,Music
367,10,UCteMJzhMoMh1-WN6d2u6NEg,LukeBryanVEVO,2017-12-01T05:00:01.000Z,7NcVNt7zQJM,10,Music
368,10,UCafVZzwtU8XUWbXGs4LYtdg,TheScriptVEVO,2017-12-01T08:00:07.000Z,vOKOamXsXYE,10,Music
369,10,UC1bszM52V3aZSqpXZFbP1zg,LissieVEVO,2017-12-01T16:00:01.000Z,EA5Tn5Gw_8s,10,Music
370,10,UC3Pa0DVzVkqEN_CwsNMapqg,SamSmithWorldVEVO,2017-11-29T12:00:00.000Z,7AXo-bYGXI4,10,Music
371,10,UCy_JTXp58oTDBQHAh9Vqbiw,PrettyMuchVEVO,2017-12-01T05:00:02.000Z,jSh3FFKFH_g,10,Music
372,10,UCXgifdDuPr7cHvnwv5y3qIw,First Aid Kit,2017-12-01T05:00:00.000Z,GxLYCKB8v2w,10,Music
373,10,UC05i95k-w8CvrtZ-yGTob7A,Alesso,2017-11-29T22:00:44.000Z,Iay3Wu6wybA,10,Music
374,10,UCOw4v1j3QnzH7X4krQAS7fg,Tessa Violet,2017-12-01T19:38:52.000Z,Bju5Enu--80,10,Music
375,10,UCEGQWfJHdsIZ38mtCmFlwgg,CYNVEVO,2017-11-30T16:00:00.000Z,0xCggNCs2kU,10,Music
376,10,UCTV0CAq7RoWSZSCXQ-4CCag,SigridVEVO,2017-11-30T16:00:02.000Z,cIriwVhRPVA,10,Music
377,10,UC8gbK8uoqKhlACSeenUPkFQ,neilyoungchannel,2017-12-01T16:00:01.000Z,tfyNPxM-M-w,10,Music
378,10,UCFlFU7Px-ez8S69KvOwzUvg,Snapchat,2017-11-29T14:00:03.000Z,nx1R-eHSkfM,10,Music
379,10,UCw1jzpWLPERKng35P3vN78A,Hunter Hayes,2017-12-01T15:00:06.000Z,HaRpFCEWLE0,10,Music
380,10,UCteMJzhMoMh1-WN6d2u6NEg,LukeBryanVEVO,2017-12-01T05:00:01.000Z,7NcVNt7zQJM,10,Music
381,10,UCafVZzwtU8XUWbXGs4LYtdg,TheScriptVEVO,2017-12-01T08:00:07.000Z,vOKOamXsXYE,10,Music
382,10,UC1bszM52V3aZSqpXZFbP1zg,LissieVEVO,2017-12-01T16:00:01.000Z,EA5Tn5Gw_8s,10,Music
383,10,UC3Pa0DVzVkqEN_CwsNMapqg,SamSmithWorldVEVO,2017-11-29T12:00:00.000Z,7AXo-bYGXI4,10,Music
384,10,UCy_JTXp58oTDBQHAh9Vqbiw,PrettyMuchVEVO,2017-12-01T05:00:02.000Z,jSh3FFKFH_g,10,Music
385,10,UCXgifdDuPr7cHvnwv5y3qIw,First Aid Kit,2017-12-01T05:00:00.000Z,GxLYCKB8v2w,10,Music
386,10,UC05i95k-w8CvrtZ-yGTob7A,Alesso,2017-11-29T22:00:44.000Z,Iay3Wu6wybA,10,Music
387,10,UCOw4v1j3QnzH7X4krQAS7fg,Tessa Violet,2017-12-01T19:38:52.000Z,Bju5Enu--80,10,Music
388,10,UCEGQWfJHdsIZ38mtCmFlwgg,CYNVEVO,2017-11-30T16:00:00.000Z,0xCggNCs2kU,10,Music
389,10,UCTV0CAq7RoWSZSCXQ-4CCag,SigridVEVO,2017-11-30T16:00:02.000Z,cIriwVhRPVA,10,Music
390,10,UC8gbK8uoqKhlACSeenUPkFQ,neilyoungchannel,2017-12-01T16:00:01.000Z,tfyNPxM-M-w,10,Music
391,10,UCFlFU7Px-ez8S69KvOwzUvg,Snapchat,2017-11-29T14:00:03.000Z,nx1R-eHSkfM,10,Music
392,10,UCw1jzpWLPERKng35P3vN78A,Hunter Hayes,2017-12-01T15:00:06.000Z,HaRpFCEWLE0,10,Music
393,10,UCteMJzhMoMh1-WN6d2u6NEg,LukeBryanVEVO,2017-12-01T05:00:01.000Z,7NcVNt7zQJM,10,Music
394,10,UCafVZzwtU8XUWbXGs4LYtdg,TheScriptVEVO,2017-12-01T08:00:07.000Z,vOKOamXsXYE,10,Music
395,10,UC1bszM52V3aZSqpXZFbP1zg,LissieVEVO,2017-12-01T16:00:01.000Z,EA5Tn5Gw_8s,10,Music
396,10,UC3Pa0DVzVkqEN_CwsNMapqg,SamSmithWorldVEVO,2017-11-29T12:00:00.000Z,7AXo-bYGXI4,10,Music
397,10,UCy_JTXp58oTDBQHAh9Vqbiw,PrettyMuchVEVO,2017-12-01T05:00:02.000Z,jSh3FFKFH_g,10,Music
398,10,UCXgifdDuPr7cHvnwv5y3qIw,First Aid Kit,2017-12-01T05:00:00.000Z,GxLYCKB8v2w,10,Music
399,10,UC05i95k-w8CvrtZ-yGTob7A,Alesso,2017-11-29T22:00:44.000Z,Iay3Wu6wybA,10,Music
400,10,UCOw4v1j3QnzH7X4krQAS7fg,Tessa Violet,2017-12-01T19:38:52.000Z,Bju5Enu--80,10,Music
401,10,UCEGQWfJHdsIZ38mtCmFlwgg,CYNVEVO,2017-11-30T16:00:00.000Z,0xCggNCs2kU,10,Music
402,10,UCTV0CAq7RoWSZSCXQ-4CCag,SigridVEVO,2017-11-30T16:00:02.000Z,cIriwVhRPVA,10,Music
403,10,UC8gbK8uoqKhlACSeenUPkFQ,neilyoungchannel,2017-12-01T16:00:01.000Z,tfyNPxM-M-w,10,Music
404,10,UCFlFU7Px-ez8S69KvOwzUvg,Snapchat,2017-11-29T14:00:03.000Z,nx1R-eHSkfM,10,Music
405,10,UCw1jzpWLPERKng35P3vN78A,Hunter Hayes,2017-12-01T15:00:06.000Z,HaRpFCEWLE0,10,Music
406,10,UCteMJzhMoMh1-WN6d2u6NEg,LukeBryanVEVO,2017-12-01T05:00:01.000Z,7NcVNt7zQJM,10,Music
407,10,UCafVZzwtU8XUWbXGs4LYtdg,TheScriptVEVO,2017-12-01T08:00:07.000Z,vOKOamXsXYE,10,Music
408,10,UC1bszM52V3aZSqpXZFbP1zg,LissieVEVO,2017-12-01T16:00:01.000Z,EA5Tn5Gw_8s,10,Music
409,10,UC3Pa0DVzVkqEN_CwsNMapqg,SamSmithWorldVEVO,2017-11-29T12:00:00.000Z,7AXo-bYGXI4,10,Music
410,10,UCy_JTXp58oTDBQHAh9Vqbiw,PrettyMuchVEVO,2017-12-01T05:00:02.000Z,jSh3FFKFH_g,10,Music
411,10,UCXgifdDuPr7cHvnwv5y3qIw,First Aid Kit,2017-12-01T05:00:00.000Z,GxLYCKB8v2w,10,Music
412,10,UC05i95k-w8CvrtZ-yGTob7A,Alesso,2017-11-29T22:00:44.000Z,Iay3Wu6wybA,10,Music
413,10,UCOw4v1j3QnzH7X4krQAS7fg,Tessa Violet,2017-12-01T19:38:52.000Z,Bju5Enu--80,10,Music
414,10,UCEGQWfJHdsIZ38mtCmFlwgg,CYNVEVO,2017-11-30T16:00:00.000Z,0xCggNCs2kU,10,Music
415,10,UCTV0CAq7RoWSZSCXQ-4CCag,SigridVEVO,2017-11-30T16:00:02.000Z,cIriwVhRPVA,10,Music
416,10,UC8gbK8uoqKhlACSeenUPkFQ,neilyoungchannel,2017-12-01T16:00:01.000Z,tfyNPxM-M-w,10,Music
417,10,UCFlFU7Px-ez8S69KvOwzUvg,Snapchat,2017-11-29T14:00:03.000Z,nx1R-eHSkfM,10,Music
418,10,UCw1jzpWLPERKng35P3vN78A,Hunter Hayes,2017-12-01T15:00:06.000Z,HaRpFCEWLE0,10,Music
419,10,UCteMJzhMoMh1-WN6d2u6NEg,LukeBryanVEVO,2017-12-01T05:00:01.000Z,7NcVNt7zQJM,10,Music
420,10,UCafVZzwtU8XUWbXGs4LYtdg,TheScriptVEVO,2017-12-01T08:00:07.000Z,vOKOamXsXYE,10,Music
421,10,UC1bszM52V3aZSqpXZFbP1zg,LissieVEVO,2017-12-01T16:00:01.000Z,EA5Tn5Gw_8s,10,Music
422,10,UC3Pa0DVzVkqEN_CwsNMapqg,SamSmithWorldVEVO,2017-11-29T12:00:00.000Z,7AXo-bYGXI4,10,Music
423,10,UCy_JTXp58oTDBQHAh9Vqbiw,PrettyMuchVEVO,2017-12-01T05:00:02.000Z,jSh3FFKFH_g,10,Music
424,10,UCXgifdDuPr7cHvnwv5y3qIw,First Aid Kit,2017-12-01T05:00:00.000Z,GxLYCKB8v2w,10,Music
425,10,UC05i95k-w8CvrtZ-yGTob7A,Alesso,2017-11-29T22:00:44.000Z,Iay3Wu6wybA,10,Music
426,10,UCOw4v1j3QnzH7X4krQAS7fg,Tessa Violet,2017-12-01T19:38:52.000Z,Bju5Enu--80,10,Music
427,10,UCEGQWfJHdsIZ38mtCmFlwgg,CYNVEVO,2017-11-30T16:00:00.000Z,0xCggNCs2kU,10,Music
428,10,UCTV0CAq7RoWSZSCXQ-4CCag,SigridVEVO,2017-11-30T16:00:02.000Z,cIriwVhRPVA,10,Music
429,10,UC8gbK8uoqKhlACSeenUPkFQ,neilyoungchannel,2017-12-01T16:00:01.000Z,tfyNPxM-M-w,10,Music
430,10,UCFlFU7Px-ez8S69KvOwzUvg,Snapchat,2017-11-29T14:00:03.000Z,nx1R-eHSkfM,10,Music
431,10,UCw1jzpWLPERKng35P3vN78A,Hunter Hayes,2017-12-01T15:00:06.000Z,HaRpFCEWLE0,10,Music
432,10,UCteMJzhMoMh1-WN6d2u6NEg,LukeBryanVEVO,2017-12-01T05:00:01.000Z,7NcVNt7zQJM,10,Music
433,10,UCafVZzwtU8XUWbXGs4LYtdg,TheScriptVEVO,2017-12-01T08:00:07.000Z,vOKOamXsXYE,10,Music
434,10,UC1bszM52V3aZSqpXZFbP1zg,LissieVEVO,2017-12-01T16:00:01.000Z,EA5Tn5Gw_8s,10,Music
435,10,UC3Pa0DVzVkqEN_CwsNMapqg,SamSmithWorldVEVO,2017-11-29T12:00:00.000Z,7AXo-bYGXI4,10,Music
436,10,UCy_JTXp58oTDBQHAh9Vqbiw,PrettyMuchVEVO,2017-12-01T05:00:02.000Z,jSh3FFKFH_g,10,Music
437,10,UCXgifdDuPr7cHvnwv5y3qIw,First Aid Kit,2017-12-01T05:00:00.000Z,GxLYCKB8v2w,10,Music
438,10,UC05i95k-w8CvrtZ-yGTob7A,Alesso,2017-11-29T22:00:44.000Z,Iay3Wu6wybA,10,Music
439,10,UCOw4v1j3QnzH7X4krQAS7fg,Tessa Violet,2017-12-01T19:38:52.000Z,Bju5Enu--80,10,Music
440,10,UCEGQWfJHdsIZ38mtCmFlwgg,CYNVEVO,2017-11-30T16:00:00.000Z,0xCggNCs2kU,10,Music
441,10,UCTV0CAq7RoWSZSCXQ-4CCag,SigridVEVO,2017-11-30T16:00:02.000Z,cIriwVhRPVA,10,Music
442,10,UC8gbK8uoqKhlACSeenUPkFQ,neilyoungchannel,2017-12-01T16:00:01.000Z,tfyNPxM-M-w,10,Music
443,10,UCFlFU7Px-ez8S69KvOwzUvg,Snapchat,2017-11-29T14:00:03.000Z,nx1R-eHSkfM,10,Music
444,10,UCw1jzpWLPERKng35P3vN78A,Hunter Hayes,2017-12-01T15:00:06.000Z,HaRpFCEWLE0,10,Music
445,10,UCteMJzhMoMh1-WN6d2u6NEg,LukeBryanVEVO,2017-12-01T05:00:01.000Z,7NcVNt7zQJM,10,Music
446,10,UCafVZzwtU8XUWbXGs4LYtdg,TheScriptVEVO,2017-12-01T08:00:07.000Z,vOKOamXsXYE,10,Music
447,10,UC1bszM52V3aZSqpXZFbP1zg,LissieVEVO,2017-12-01T16:00:01.000Z,EA5Tn5Gw_8s,10,Music
448,10,UC3Pa0DVzVkqEN_CwsNMapqg,SamSmithWorldVEVO,2017-11-29T12:00:00.000Z,7AXo-bYGXI4,10,Music
449,10,UCy_JTXp58oTDBQHAh9Vqbiw,PrettyMuchVEVO,2017-12-01T05:00:02.000Z,jSh3FFKFH_g,10,Music
450,10,UCXgifdDuPr7cHvnwv5y3qIw,First Aid Kit,2017-12-01T05:00:00.000Z,GxLYCKB8v2w,10,Music
451,10,UC05i95k-w8CvrtZ-yGTob7A,Alesso,2017-11-29T22:00:44.000Z,Iay3Wu6wybA,10,Music
452,10,UCOw4v1j3QnzH7X4krQAS7fg,Tessa Violet,2017-12-01T19:38:52.000Z,Bju5Enu--80,10,Music
453,10,UCEGQWfJHdsIZ38mtCmFlwgg,CYNVEVO,2017-11-30T16:00:00.000Z,0xCggNCs2kU,10,Music
454,10,UCTV0CAq7RoWSZSCXQ-4CCag,SigridVEVO,2017-11-30T16:00:02.000Z,cIriwVhRPVA,10,Music
455,10,UC8gbK8uoqKhlACSeenUPkFQ,neilyoungchannel,2017-12-01T16:00:01.000Z,tfyNPxM-M-w,10,Music
456,10,UCFlFU7Px-ez8S69KvOwzUvg,Snapchat,2017-11-29T14:00:03.000Z,nx1R-eHSkfM,10,Music
457,10,UCw1jzpWLPERKng35P3vN78A,Hunter Hayes,2017-12-01T15:00:06.000Z,HaRpFCEWLE0,10,Music
458,10,UCteMJzhMoMh1-WN6d2u6NEg,LukeBryanVEVO,2017-12-01T05:00:01.000Z,7NcVNt7zQJM,10,Music
459,10,UCafVZzwtU8XUWbXGs4LYtdg,TheScriptVEVO,2017-12-01T08:00:07.000Z,vOKOamXsXYE,10,Music
460,10,UC1bszM52V3aZSqpXZFbP1zg,LissieVEVO,2017-12-01T16:00:01.000Z,EA5Tn5Gw_8s,10,Music
461,10,UC3Pa0DVzVkqEN_CwsNMapqg,SamSmithWorldVEVO,2017-11-29T12:00:00.000Z,7AXo-bYGXI4,10,Music
462,10,UCy_JTXp58oTDBQHAh9Vqbiw,PrettyMuchVEVO,2017-12-01T05:00:02.000Z,jSh3FFKFH_g,10,Music
463,10,UCXgifdDuPr7cHvnwv5y3qIw,First Aid Kit,2017-12-01T05:00:00.000Z,GxLYCKB8v2w,10,Music
464,10,UC05i95k-w8CvrtZ-yGTob7A,Alesso,2017-11-29T22:00:44.000Z,Iay3Wu6wybA,10,Music
465,10,UCOw4v1j3QnzH7X4krQAS7fg,Tessa Violet,2017-12-01T19:38:52.000Z,Bju5Enu--80,10,Music
466,10,UCEGQWfJHdsIZ38mtCmFlwgg,CYNVEVO,2017-11-30T16:00:00.000Z,0xCggNCs2kU,10,Music
467,10,UCTV0CAq7RoWSZSCXQ-4CCag,SigridVEVO,2017-11-30T16:00:02.000Z,cIriwVhRPVA,10,Music
468,10,UC8gbK8uoqKhlACSeenUPkFQ,neilyoungchannel,2017-12-01T16:00:01.000Z,tfyNPxM-M-w,10,Music
469,10,UCFlFU7Px-ez8S69KvOwzUvg,Snapchat,2017-11-29T14:00:03.000Z,nx1R-eHSkfM,10,Music
470,10,UCw1jzpWLPERKng35P3vN78A,Hunter Hayes,2017-12-01T15:00:06.000Z,HaRpFCEWLE0,10,Music
471,10,UCteMJzhMoMh1-WN6d2u6NEg,LukeBryanVEVO,2017-12-01T05:00:01.000Z,7NcVNt7zQJM,10,Music
472,10,UCafVZzwtU8XUWbXGs4LYtdg,TheScriptVEVO,2017-12-01T08:00:07.000Z,vOKOamXsXYE,10,Music
473,10,UC1bszM52V3aZSqpXZFbP1zg,LissieVEVO,2017-12-01T16:00:01.000Z,EA5Tn5Gw_8s,10,Music
474,10,UC3Pa0DVzVkqEN_CwsNMapqg,SamSmithWorldVEVO,2017-11-29T12:00:00.000Z,7AXo-bYGXI4,10,Music
475,10,UCy_JTXp58oTDBQHAh9Vqbiw,PrettyMuchVEVO,2017-12-01T05:00:02.000Z,jSh3FFKFH_g,10,Music
476,10,UCXgifdDuPr7cHvnwv5y3qIw,First Aid Kit,2017-12-01T05:00:00.000Z,GxLYCKB8v2w,10,Music
477,10,UC05i95k-w8CvrtZ-yGTob7A,Alesso,2017-11-29T22:00:44.000Z,Iay3Wu6wybA,10,Music
478,10,UCOw4v1j3QnzH7X4krQAS7fg,Tessa Violet,2017-12-01T19:38:52.000Z,Bju5Enu--80,10,Music
479,10,UCEGQWfJHdsIZ38mtCmFlwgg,CYNVEVO,2017-11-30T16:00:00.000Z,0xCggNCs2kU,10,Music
480,10,UCTV0CAq7RoWSZSCXQ-4CCag,SigridVEVO,2017-11-30T16:00:02.000Z,cIriwVhRPVA,10,Music
481,10,UC8gbK8uoqKhlACSeenUPkFQ,neilyoungchannel,2017-12-01T16:00:01.000Z,tfyNPxM-M-w,10,Music
482,10,UCFlFU7Px-ez8S69KvOwzUvg,Snapchat,2017-11-29T14:00:03.000Z,nx1R-eHSkfM,10,Music
483,10,UCw1jzpWLPERKng35P3vN78A,Hunter Hayes,2017-12-01T15:00:06.000Z,HaRpFCEWLE0,10,Music
484,10,UCteMJzhMoMh1-WN6d2u6NEg,LukeBryanVEVO,2017-12-01T05:00:01.000Z,7NcVNt7zQJM,10,Music
485,10,UCafVZzwtU8XUWbXGs4LYtdg,TheScriptVEVO,2017-12-01T08:00:07.000Z,vOKOamXsXYE,10,Music
486,10,UC1bszM52V3aZSqpXZFbP1zg,LissieVEVO,2017-12-01T16:00:01.000Z,EA5Tn5Gw_8s,10,Music
487,10,UC3Pa0DVzVkqEN_CwsNMapqg,SamSmithWorldVEVO,2017-11-29T12:00:00.000Z,7AXo-bYGXI4,10,Music
488,10,UCy_JTXp58oTDBQHAh9Vqbiw,PrettyMuchVEVO,2017-12-01T05:00:02.000Z,jSh3FFKFH_g,10,Music
489,10,UCXgifdDuPr7cHvnwv5y3qIw,First Aid Kit,2017-12-01T05:00:00.000Z,GxLYCKB8v2w,10,Music
490,10,UC05i95k-w8CvrtZ-yGTob7A,Alesso,2017-11-29T22:00:44.000Z,Iay3Wu6wybA,10,Music
491,10,UCOw4v1j3QnzH7X4krQAS7fg,Tessa Violet,2017-12-01T19:38:52.000Z,Bju5Enu--80,10,Music
492,10,UCEGQWfJHdsIZ38mtCmFlwgg,CYNVEVO,2017-11-30T16:00:00.000Z,0xCggNCs2kU,10,Music
493,10,UCTV0CAq7RoWSZSCXQ-4CCag,SigridVEVO,2017-11-30T16:00:02.000Z,cIriwVhRPVA,10,Music
494,10,UC8gbK8uoqKhlACSeenUPkFQ,neilyoungchannel,2017-12-01T16:00:01.000Z,tfyNPxM-M-w,10,Music
495,10,UCFlFU7Px-ez8S69KvOwzUvg,Snapchat,2017-11-29T14:00:03.000Z,nx1R-eHSkfM,10,Music
496,10,UCw1jzpWLPERKng35P3vN78A,Hunter Hayes,2017-12-01T15:00:06.000Z,HaRpFCEWLE0,10,Music
497,10,UCteMJzhMoMh1-WN6d2u6NEg,LukeBryanVEVO,2017-12-01T05:00:01.000Z,7NcVNt7zQJM,10,Music
498,10,UCafVZzwtU8XUWbXGs4LYtdg,TheScriptVEVO,2017-12-01T08:00:07.000Z,vOKOamXsXYE,10,Music
499,10,UC1bszM52V3aZSqpXZFbP1zg,LissieVEVO,2017-12-01T16:00:01.000Z,EA5Tn5Gw_8s,10,Music
500,10,UC3Pa0DVzVkqEN_CwsNMapqg,SamSmithWorldVEVO,2017-11-29T12:00:00.000Z,7AXo-bYGXI4,10,Music
501,10,UCy_JTXp58oTDBQHAh9Vqbiw,PrettyMuchVEVO,2017-12-01T05:00:02.000Z,jSh3FFKFH_g,10,Music
502,10,UCXgifdDuPr7cHvnwv5y3qIw,First Aid Kit,2017-12-01T05:00:00.000Z,GxLYCKB8v2w,10,Music
503,10,UC05i95k-w8CvrtZ-yGTob7A,Alesso,2017-11-29T22:00:44.000Z,Iay3Wu6wybA,10,Music
504,10,UCOw4v1j3QnzH7X4krQAS7fg,Tessa Violet,2017-12-01T19:38:52.000Z,Bju5Enu--80,10,Music
505,10,UCEGQWfJHdsIZ38mtCmFlwgg,CYNVEVO,2017-11-30T16:00:00.000Z,0xCggNCs2kU,10,Music
506,10,UCTV0CAq7RoWSZSCXQ-4CCag,SigridVEVO,2017-11-30T16:00:02.000Z,cIriwVhRPVA,10,Music
507,10,UC8gbK8uoqKhlACSeenUPkFQ,neilyoungchannel,2017-12-01T16:00:01.000Z,tfyNPxM-M-w,10,Music
508,10,UCFlFU7Px-ez8S69KvOwzUvg,Snapchat,2017-11-29T14:00:03.000Z,nx1R-eHSkfM,10,Music
509,10,UCw1jzpWLPERKng35P3vN78A,Hunter Hayes,2017-12-01T15:00:06.000Z,HaRpFCEWLE0,10,Music
510,10,UCteMJzhMoMh1-WN6d2u6NEg,LukeBryanVEVO,2017-12-01T05:00:01.000Z,7NcVNt7zQJM,10,Music
511,10,UCafVZzwtU8XUWbXGs4LYtdg,TheScriptVEVO,2017-12-01T08:00:07.000Z,vOKOamXsXYE,10,Music
512,10,UC1bszM52V3aZSqpXZFbP1zg,LissieVEVO,2017-12-01T16:00:01.000Z,EA5Tn5Gw_8s,10,Music
513,10,UC3Pa0DVzVkqEN_CwsNMapqg,SamSmithWorldVEVO,2017-11-29T12:00:00.000Z,7AXo-bYGXI4,10,Music
514,10,UCy_JTXp58oTDBQHAh9Vqbiw,PrettyMuchVEVO,2017-12-01T05:00:02.000Z,jSh3FFKFH_g,10,Music
515,10,UCXgifdDuPr7cHvnwv5y3qIw,First Aid Kit,2017-12-01T05:00:00.000Z,GxLYCKB8v2w,10,Music
516,10,UC05i95k-w8CvrtZ-yGTob7A,Alesso,2017-11-29T22:00:44.000Z,Iay3Wu6wybA,10,Music
517,10,UCOw4v1j3QnzH7X4krQAS7fg,Tessa Violet,2017-12-01T19:38:52.000Z,Bju5Enu--80,10,Music
518,10,UCEGQWfJHdsIZ38mtCmFlwgg,CYNVEVO,2017-11-30T16:00:00.000Z,0xCggNCs2kU,10,Music
519,10,UCTV0CAq7RoWSZSCXQ-4CCag,SigridVEVO,2017-11-30T16:00:02.000Z,cIriwVhRPVA,10,Music
520,25,UChDKyKQ59fYz3JO2fl0Z6sg,TODAY,2017-11-30T16:58:26.000Z,sYorT6jRNDc,25,News & Politics
521,25,UCSFLs1nwzqSC3Tq6cXhJkLg,WTHR,2017-11-30T18:20:44.000Z,aTvw9_dxBlk,25,News & Politics
522,25,UCeY0bbntWzzVIaj2z3QigXg,NBC News,2017-11-30T20:41:21.000Z,Zx7p_tmWlq0,25,News & Politics
523,25,UCPgLNge0xqQHWM5B5EFH9Cg,The Telegraph,2017-11-29T11:32:16.000Z,v1OhsiZjpww,25,News & Politics
524,25,UChDKyKQ59fYz3JO2fl0Z6sg,TODAY,2017-11-30T16:58:26.000Z,sYorT6jRNDc,25,News & Politics
525,25,UCSFLs1nwzqSC3Tq6cXhJkLg,WTHR,2017-11-30T18:20:44.000Z,aTvw9_dxBlk,25,News & Politics
526,25,UCeY0bbntWzzVIaj2z3QigXg,NBC News,2017-11-30T20:41:21.000Z,Zx7p_tmWlq0,25,News & Politics
527,25,UCPgLNge0xqQHWM5B5EFH9Cg,The Telegraph,2017-11-29T11:32:16.000Z,v1OhsiZjpww,25,News & Politics
528,25,UChDKyKQ59fYz3JO2fl0Z6sg,TODAY,2017-11-30T16:58:26.000Z,sYorT6jRNDc,25,News & Politics
529,25,UCSFLs1nwzqSC3Tq6cXhJkLg,WTHR,2017-11-30T18:20:44.000Z,aTvw9_dxBlk,25,News & Politics
530,25,UCeY0bbntWzzVIaj2z3QigXg,NBC News,2017-11-30T20:41:21.000Z,Zx7p_tmWlq0,25,News & Politics
531,25,UCPgLNge0xqQHWM5B5EFH9Cg,The Telegraph,2017-11-29T11:32:16.000Z,v1OhsiZjpww,25,News & Politics
532,25,UChDKyKQ59fYz3JO2fl0Z6sg,TODAY,2017-11-30T16:58:26.000Z,sYorT6jRNDc,25,News & Politics
533,25,UCSFLs1nwzqSC3Tq6cXhJkLg,WTHR,2017-11-30T18:20:44.000Z,aTvw9_dxBlk,25,News & Politics
534,25,UCeY0bbntWzzVIaj2z3QigXg,NBC News,2017-11-30T20:41:21.000Z,Zx7p_tmWlq0,25,News & Politics
535,25,UCPgLNge0xqQHWM5B5EFH9Cg,The Telegraph,2017-11-29T11:32:16.000Z,v1OhsiZjpww,25,News & Politics
536,25,UChDKyKQ59fYz3JO2fl0Z6sg,TODAY,2017-11-30T16:58:26.000Z,sYorT6jRNDc,25,News & Politics
537,25,UCSFLs1nwzqSC3Tq6cXhJkLg,WTHR,2017-11-30T18:20:44.000Z,aTvw9_dxBlk,25,News & Politics
538,25,UCeY0bbntWzzVIaj2z3QigXg,NBC News,2017-11-30T20:41:21.000Z,Zx7p_tmWlq0,25,News & Politics
539,25,UCPgLNge0xqQHWM5B5EFH9Cg,The Telegraph,2017-11-29T11:32:16.000Z,v1OhsiZjpww,25,News & Politics
540,25,UChDKyKQ59fYz3JO2fl0Z6sg,TODAY,2017-11-30T16:58:26.000Z,sYorT6jRNDc,25,News & Politics
541,25,UCSFLs1nwzqSC3Tq6cXhJkLg,WTHR,2017-11-30T18:20:44.000Z,aTvw9_dxBlk,25,News & Politics
542,25,UCeY0bbntWzzVIaj2z3QigXg,NBC News,2017-11-30T20:41:21.000Z,Zx7p_tmWlq0,25,News & Politics
543,25,UCPgLNge0xqQHWM5B5EFH9Cg,The Telegraph,2017-11-29T11:32:16.000Z,v1OhsiZjpww,25,News & Politics
544,25,UChDKyKQ59fYz3JO2fl0Z6sg,TODAY,2017-11-30T16:58:26.000Z,sYorT6jRNDc,25,News & Politics
545,25,UCSFLs1nwzqSC3Tq6cXhJkLg,WTHR,2017-11-30T18:20:44.000Z,aTvw9_dxBlk,25,News & Politics
546,25,UCeY0bbntWzzVIaj2z3QigXg,NBC News,2017-11-30T20:41:21.000Z,Zx7p_tmWlq0,25,News & Politics
547,25,UCPgLNge0xqQHWM5B5EFH9Cg,The Telegraph,2017-11-29T11:32:16.000Z,v1OhsiZjpww,25,News & Politics
548,25,UChDKyKQ59fYz3JO2fl0Z6sg,TODAY,2017-11-30T16:58:26.000Z,sYorT6jRNDc,25,News & Politics
549,25,UCSFLs1nwzqSC3Tq6cXhJkLg,WTHR,2017-11-30T18:20:44.000Z,aTvw9_dxBlk,25,News & Politics
550,25,UCeY0bbntWzzVIaj2z3QigXg,NBC News,2017-11-30T20:41:21.000Z,Zx7p_tmWlq0,25,News & Politics
551,25,UCPgLNge0xqQHWM5B5EFH9Cg,The Telegraph,2017-11-29T11:32:16.000Z,v1OhsiZjpww,25,News & Politics
552,25,UChDKyKQ59fYz3JO2fl0Z6sg,TODAY,2017-11-30T16:58:26.000Z,sYorT6jRNDc,25,News & Politics
553,25,UCSFLs1nwzqSC3Tq6cXhJkLg,WTHR,2017-11-30T18:20:44.000Z,aTvw9_dxBlk,25,News & Politics
554,25,UCeY0bbntWzzVIaj2z3QigXg,NBC News,2017-11-30T20:41:21.000Z,Zx7p_tmWlq0,25,News & Politics
555,25,UCPgLNge0xqQHWM5B5EFH9Cg,The Telegraph,2017-11-29T11:32:16.000Z,v1OhsiZjpww,25,News & Politics
556,25,UChDKyKQ59fYz3JO2fl0Z6sg,TODAY,2017-11-30T16:58:26.000Z,sYorT6jRNDc,25,News & Politics
557,25,UCSFLs1nwzqSC3Tq6cXhJkLg,WTHR,2017-11-30T18:20:44.000Z,aTvw9_dxBlk,25,News & Politics
558,25,UCeY0bbntWzzVIaj2z3QigXg,NBC News,2017-11-30T20:41:21.000Z,Zx7p_tmWlq0,25,News & Politics
559,25,UCPgLNge0xqQHWM5B5EFH9Cg,The Telegraph,2017-11-29T11:32:16.000Z,v1OhsiZjpww,25,News & Politics
560,25,UChDKyKQ59fYz3JO2fl0Z6sg,TODAY,2017-11-30T16:58:26.000Z,sYorT6jRNDc,25,News & Politics
561,25,UCSFLs1nwzqSC3Tq6cXhJkLg,WTHR,2017-11-30T18:20:44.000Z,aTvw9_dxBlk,25,News & Politics
562,25,UCeY0bbntWzzVIaj2z3QigXg,NBC News,2017-11-30T20:41:21.000Z,Zx7p_tmWlq0,25,News & Politics
563,25,UCPgLNge0xqQHWM5B5EFH9Cg,The Telegraph,2017-11-29T11:32:16.000Z,v1OhsiZjpww,25,News & Politics
564,25,UChDKyKQ59fYz3JO2fl0Z6sg,TODAY,2017-11-30T16:58:26.000Z,sYorT6jRNDc,25,News & Politics
565,25,UCSFLs1nwzqSC3Tq6cXhJkLg,WTHR,2017-11-30T18:20:44.000Z,aTvw9_dxBlk,25,News & Politics
566,25,UCeY0bbntWzzVIaj2z3QigXg,NBC News,2017-11-30T20:41:21.000Z,Zx7p_tmWlq0,25,News & Politics
567,25,UCPgLNge0xqQHWM5B5EFH9Cg,The Telegraph,2017-11-29T11:32:16.000Z,v1OhsiZjpww,25,News & Politics
568,25,UChDKyKQ59fYz3JO2fl0Z6sg,TODAY,2017-11-30T16:58:26.000Z,sYorT6jRNDc,25,News & Politics
569,25,UCSFLs1nwzqSC3Tq6cXhJkLg,WTHR,2017-11-30T18:20:44.000Z,aTvw9_dxBlk,25,News & Politics
570,25,UCeY0bbntWzzVIaj2z3QigXg,NBC News,2017-11-30T20:41:21.000Z,Zx7p_tmWlq0,25,News & Politics
571,25,UCPgLNge0xqQHWM5B5EFH9Cg,The Telegraph,2017-11-29T11:32:16.000Z,v1OhsiZjpww,25,News & Politics
572,25,UChDKyKQ59fYz3JO2fl0Z6sg,TODAY,2017-11-30T16:58:26.000Z,sYorT6jRNDc,25,News & Politics
573,25,UCSFLs1nwzqSC3Tq6cXhJkLg,WTHR,2017-11-30T18:20:44.000Z,aTvw9_dxBlk,25,News & Politics
574,25,UCeY0bbntWzzVIaj2z3QigXg,NBC News,2017-11-30T20:41:21.000Z,Zx7p_tmWlq0,25,News & Politics
575,25,UCPgLNge0xqQHWM5B5EFH9Cg,The Telegraph,2017-11-29T11:32:16.000Z,v1OhsiZjpww,25,News & Politics
576,25,UChDKyKQ59fYz3JO2fl0Z6sg,TODAY,2017-11-30T16:58:26.000Z,sYorT6jRNDc,25,News & Politics
577,25,UCSFLs1nwzqSC3Tq6cXhJkLg,WTHR,2017-11-30T18:20:44.000Z,aTvw9_dxBlk,25,News & Politics
578,25,UCeY0bbntWzzVIaj2z3QigXg,NBC News,2017-11-30T20:41:21.000Z,Zx7p_tmWlq0,25,News & Politics
579,25,UCPgLNge0xqQHWM5B5EFH9Cg,The Telegraph,2017-11-29T11:32:16.000Z,v1OhsiZjpww,25,News & Politics
580,25,UChDKyKQ59fYz3JO2fl0Z6sg,TODAY,2017-11-30T16:58:26.000Z,sYorT6jRNDc,25,News & Politics
581,25,UCSFLs1nwzqSC3Tq6cXhJkLg,WTHR,2017-11-30T18:20:44.000Z,aTvw9_dxBlk,25,News & Politics
582,25,UCeY0bbntWzzVIaj2z3QigXg,NBC News,2017-11-30T20:41:21.000Z,Zx7p_tmWlq0,25,News & Politics
583,25,UCPgLNge0xqQHWM5B5EFH9Cg,The Telegraph,2017-11-29T11:32:16.000Z,v1OhsiZjpww,25,News & Politics
584,25,UChDKyKQ59fYz3JO2fl0Z6sg,TODAY,2017-11-30T16:58:26.000Z,sYorT6jRNDc,25,News & Politics
585,25,UCSFLs1nwzqSC3Tq6cXhJkLg,WTHR,2017-11-30T18:20:44.000Z,aTvw9_dxBlk,25,News & Politics
586,25,UCeY0bbntWzzVIaj2z3QigXg,NBC News,2017-11-30T20:41:21.000Z,Zx7p_tmWlq0,25,News & Politics
587,25,UCPgLNge0xqQHWM5B5EFH9Cg,The Telegraph,2017-11-29T11:32:16.000Z,v1OhsiZjpww,25,News & Politics
588,25,UChDKyKQ59fYz3JO2fl0Z6sg,TODAY,2017-11-30T16:58:26.000Z,sYorT6jRNDc,25,News & Politics
589,25,UCSFLs1nwzqSC3Tq6cXhJkLg,WTHR,2017-11-30T18:20:44.000Z,aTvw9_dxBlk,25,News & Politics
590,25,UCeY0bbntWzzVIaj2z3QigXg,NBC News,2017-11-30T20:41:21.000Z,Zx7p_tmWlq0,25,News & Politics
591,25,UCPgLNge0xqQHWM5B5EFH9Cg,The Telegraph,2017-11-29T11:32:16.000Z,v1OhsiZjpww,25,News & Politics
592,25,UChDKyKQ59fYz3JO2fl0Z6sg,TODAY,2017-11-30T16:58:26.000Z,sYorT6jRNDc,25,News & Politics
593,25,UCSFLs1nwzqSC3Tq6cXhJkLg,WTHR,2017-11-30T18:20:44.000Z,aTvw9_dxBlk,25,News & Politics
594,25,UCeY0bbntWzzVIaj2z3QigXg,NBC News,2017-11-30T20:41:21.000Z,Zx7p_tmWlq0,25,News & Politics
595,25,UCPgLNge0xqQHWM5B5EFH9Cg,The Telegraph,2017-11-29T11:32:16.000Z,v1OhsiZjpww,25,News & Politics
596,25,UChDKyKQ59fYz3JO2fl0Z6sg,TODAY,2017-11-30T16:58:26.000Z,sYorT6jRNDc,25,News & Politics
597,25,UCSFLs1nwzqSC3Tq6cXhJkLg,WTHR,2017-11-30T18:20:44.000Z,aTvw9_dxBlk,25,News & Politics
598,25,UCeY0bbntWzzVIaj2z3QigXg,NBC News,2017-11-30T20:41:21.000Z,Zx7p_tmWlq0,25,News & Politics
599,25,UCPgLNge0xqQHWM5B5EFH9Cg,The Telegraph,2017-11-29T11:32:16.000Z,v1OhsiZjpww,25,News & Politics
600,22,UCay_OLhWtf9iklq8zg_or0g,Boldly,2017-11-30T22:37:34.000Z,eV6yLbWCMDU,22,People & Blogs
601,22,UC6j-xSPNA3BC5vQb-zcmfEA,Kylie Cosmetics,2017-11-29T23:50:14.000Z,REt-3P5h4Lo,22,People & Blogs
602,22,UCtinbF-Q-fVthA0qrFQTgXQ,CaseyNeistat,2017-11-29T17:59:50.000Z,nMbUA7dghlk,22,People & Blogs
603,22,UCS4mCuv_CP6xgMgGjLKLvoA,Corinne Leigh,2017-11-30T02:59:20.000Z,Lwfhn_MiTTg,22,People & Blogs
604,22,UCay_OLhWtf9iklq8zg_or0g,Boldly,2017-11-30T22:37:34.000Z,eV6yLbWCMDU,22,People & Blogs
605,22,UC6j-xSPNA3BC5vQb-zcmfEA,Kylie Cosmetics,2017-11-29T23:50:14.000Z,REt-3P5h4Lo,22,People & Blogs
606,22,UCtinbF-Q-fVthA0qrFQTgXQ,CaseyNeistat,2017-11-29T17:59:50.000Z,nMbUA7dghlk,22,People & Blogs
607,22,UCS4mCuv_CP6xgMgGjLKLvoA,Corinne Leigh,2017-11-30T02:59:20.000Z,Lwfhn_MiTTg,22,People & Blogs
608,22,UCay_OLhWtf9iklq8zg_or0g,Boldly,2017-11-30T22:37:34.000Z,eV6yLbWCMDU,22,People & Blogs
609,22,UC6j-xSPNA3BC5vQb-zcmfEA,Kylie Cosmetics,2017-11-29T23:50:14.000Z,REt-3P5h4Lo,22,People & Blogs
610,22,UCtinbF-Q-fVthA0qrFQTgXQ,CaseyNeistat,2017-11-29T17:59:50.000Z,nMbUA7dghlk,22,People & Blogs
611,22,UCS4mCuv_CP6xgMgGjLKLvoA,Corinne Leigh,2017-11-30T02:59:20.000Z,Lwfhn_MiTTg,22,People & Blogs
612,22,UCay_OLhWtf9iklq8zg_or0g,Boldly,2017-11-30T22:37:34.000Z,eV6yLbWCMDU,22,People & Blogs
613,22,UC6j-xSPNA3BC5vQb-zcmfEA,Kylie Cosmetics,2017-11-29T23:50:14.000Z,REt-3P5h4Lo,22,People & Blogs
614,22,UCtinbF-Q-fVthA0qrFQTgXQ,CaseyNeistat,2017-11-29T17:59:50.000Z,nMbUA7dghlk,22,People & Blogs
615,22,UCS4mCuv_CP6xgMgGjLKLvoA,Corinne Leigh,2017-11-30T02:59:20.000Z,Lwfhn_MiTTg,22,People & Blogs
616,22,UCay_OLhWtf9iklq8zg_or0g,Boldly,2017-11-30T22:37:34.000Z,eV6yLbWCMDU,22,People & Blogs
617,22,UC6j-xSPNA3BC5vQb-zcmfEA,Kylie Cosmetics,2017-11-29T23:50:14.000Z,REt-3P5h4Lo,22,People & Blogs
618,22,UCtinbF-Q-fVthA0qrFQTgXQ,CaseyNeistat,2017-11-29T17:59:50.000Z,nMbUA7dghlk,22,People & Blogs
619,22,UCS4mCuv_CP6xgMgGjLKLvoA,Corinne Leigh,2017-11-30T02:59:20.000Z,Lwfhn_MiTTg,22,People & Blogs
620,22,UCay_OLhWtf9iklq8zg_or0g,Boldly,2017-11-30T22:37:34.000Z,eV6yLbWCMDU,22,People & Blogs
621,22,UC6j-xSPNA3BC5vQb-zcmfEA,Kylie Cosmetics,2017-11-29T23:50:14.000Z,REt-3P5h4Lo,22,People & Blogs
622,22,UCtinbF-Q-fVthA0qrFQTgXQ,CaseyNeistat,2017-11-29T17:59:50.000Z,nMbUA7dghlk,22,People & Blogs
623,22,UCS4mCuv_CP6xgMgGjLKLvoA,Corinne Leigh,2017-11-30T02:59:20.000Z,Lwfhn_MiTTg,22,People & Blogs
624,22,UCay_OLhWtf9iklq8zg_or0g,Boldly,2017-11-30T22:37:34.000Z,eV6yLbWCMDU,22,People & Blogs
625,22,UC6j-xSPNA3BC5vQb-zcmfEA,Kylie Cosmetics,2017-11-29T23:50:14.000Z,REt-3P5h4Lo,22,People & Blogs
626,22,UCtinbF-Q-fVthA0qrFQTgXQ,CaseyNeistat,2017-11-29T17:59:50.000Z,nMbUA7dghlk,22,People & Blogs
627,22,UCS4mCuv_CP6xgMgGjLKLvoA,Corinne Leigh,2017-11-30T02:59:20.000Z,Lwfhn_MiTTg,22,People & Blogs
628,22,UCay_OLhWtf9iklq8zg_or0g,Boldly,2017-11-30T22:37:34.000Z,eV6yLbWCMDU,22,People & Blogs
629,22,UC6j-xSPNA3BC5vQb-zcmfEA,Kylie Cosmetics,2017-11-29T23:50:14.000Z,REt-3P5h4Lo,22,People & Blogs
630,22,UCtinbF-Q-fVthA0qrFQTgXQ,CaseyNeistat,2017-11-29T17:59:50.000Z,nMbUA7dghlk,22,People & Blogs
631,22,UCS4mCuv_CP6xgMgGjLKLvoA,Corinne Leigh,2017-11-30T02:59:20.000Z,Lwfhn_MiTTg,22,People & Blogs
632,22,UCay_OLhWtf9iklq8zg_or0g,Boldly,2017-11-30T22:37:34.000Z,eV6yLbWCMDU,22,People & Blogs
633,22,UC6j-xSPNA3BC5vQb-zcmfEA,Kylie Cosmetics,2017-11-29T23:50:14.000Z,REt-3P5h4Lo,22,People & Blogs
634,22,UCtinbF-Q-fVthA0qrFQTgXQ,CaseyNeistat,2017-11-29T17:59:50.000Z,nMbUA7dghlk,22,People & Blogs
635,22,UCS4mCuv_CP6xgMgGjLKLvoA,Corinne Leigh,2017-11-30T02:59:20.000Z,Lwfhn_MiTTg,22,People & Blogs
636,22,UCay_OLhWtf9iklq8zg_or0g,Boldly,2017-11-30T22:37:34.000Z,eV6yLbWCMDU,22,People & Blogs
637,22,UC6j-xSPNA3BC5vQb-zcmfEA,Kylie Cosmetics,2017-11-29T23:50:14.000Z,REt-3P5h4Lo,22,People & Blogs
638,22,UCtinbF-Q-fVthA0qrFQTgXQ,CaseyNeistat,2017-11-29T17:59:50.000Z,nMbUA7dghlk,22,People & Blogs
639,22,UCS4mCuv_CP6xgMgGjLKLvoA,Corinne Leigh,2017-11-30T02:59:20.000Z,Lwfhn_MiTTg,22,People & Blogs
640,22,UCay_OLhWtf9iklq8zg_or0g,Boldly,2017-11-30T22:37:34.000Z,eV6yLbWCMDU,22,People & Blogs
641,22,UC6j-xSPNA3BC5vQb-zcmfEA,Kylie Cosmetics,2017-11-29T23:50:14.000Z,REt-3P5h4Lo,22,People & Blogs
642,22,UCtinbF-Q-fVthA0qrFQTgXQ,CaseyNeistat,2017-11-29T17:59:50.000Z,nMbUA7dghlk,22,People & Blogs
643,22,UCS4mCuv_CP6xgMgGjLKLvoA,Corinne Leigh,2017-11-30T02:59:20.000Z,Lwfhn_MiTTg,22,People & Blogs
644,22,UCay_OLhWtf9iklq8zg_or0g,Boldly,2017-11-30T22:37:34.000Z,eV6yLbWCMDU,22,People & Blogs
645,22,UC6j-xSPNA3BC5vQb-zcmfEA,Kylie Cosmetics,2017-11-29T23:50:14.000Z,REt-3P5h4Lo,22,People & Blogs
646,22,UCtinbF-Q-fVthA0qrFQTgXQ,CaseyNeistat,2017-11-29T17:59:50.000Z,nMbUA7dghlk,22,People & Blogs
647,22,UCS4mCuv_CP6xgMgGjLKLvoA,Corinne Leigh,2017-11-30T02:59:20.000Z,Lwfhn_MiTTg,22,People & Blogs
648,22,UCay_OLhWtf9iklq8zg_or0g,Boldly,2017-11-30T22:37:34.000Z,eV6yLbWCMDU,22,People & Blogs
649,22,UC6j-xSPNA3BC5vQb-zcmfEA,Kylie Cosmetics,2017-11-29T23:50:14.000Z,REt-3P5h4Lo,22,People & Blogs
650,22,UCtinbF-Q-fVthA0qrFQTgXQ,CaseyNeistat,2017-11-29T17:59:50.000Z,nMbUA7dghlk,22,People & Blogs
651,22,UCS4mCuv_CP6xgMgGjLKLvoA,Corinne Leigh,2017-11-30T02:59:20.000Z,Lwfhn_MiTTg,22,People & Blogs
652,22,UCay_OLhWtf9iklq8zg_or0g,Boldly,2017-11-30T22:37:34.000Z,eV6yLbWCMDU,22,People & Blogs
653,22,UC6j-xSPNA3BC5vQb-zcmfEA,Kylie Cosmetics,2017-11-29T23:50:14.000Z,REt-3P5h4Lo,22,People & Blogs
654,22,UCtinbF-Q-fVthA0qrFQTgXQ,CaseyNeistat,2017-11-29T17:59:50.000Z,nMbUA7dghlk,22,People & Blogs
655,22,UCS4mCuv_CP6xgMgGjLKLvoA,Corinne Leigh,2017-11-30T02:59:20.000Z,Lwfhn_MiTTg,22,People & Blogs
656,22,UCay_OLhWtf9iklq8zg_or0g,Boldly,2017-11-30T22:37:34.000Z,eV6yLbWCMDU,22,People & Blogs
657,22,UC6j-xSPNA3BC5vQb-zcmfEA,Kylie Cosmetics,2017-11-29T23:50:14.000Z,REt-3P5h4Lo,22,People & Blogs
658,22,UCtinbF-Q-fVthA0qrFQTgXQ,CaseyNeistat,2017-11-29T17:59:50.000Z,nMbUA7dghlk,22,People & Blogs
659,22,UCS4mCuv_CP6xgMgGjLKLvoA,Corinne Leigh,2017-11-30T02:59:20.000Z,Lwfhn_MiTTg,22,People & Blogs
660,22,UCay_OLhWtf9iklq8zg_or0g,Boldly,2017-11-30T22:37:34.000Z,eV6yLbWCMDU,22,People & Blogs
661,22,UC6j-xSPNA3BC5vQb-zcmfEA,Kylie Cosmetics,2017-11-29T23:50:14.000Z,REt-3P5h4Lo,22,People & Blogs
662,22,UCtinbF-Q-fVthA0qrFQTgXQ,CaseyNeistat,2017-11-29T17:59:50.000Z,nMbUA7dghlk,22,People & Blogs
663,22,UCS4mCuv_CP6xgMgGjLKLvoA,Corinne Leigh,2017-11-30T02:59:20.000Z,Lwfhn_MiTTg,22,People & Blogs
664,22,UCay_OLhWtf9iklq8zg_or0g,Boldly,2017-11-30T22:37:34.000Z,eV6yLbWCMDU,22,People & Blogs
665,22,UC6j-xSPNA3BC5vQb-zcmfEA,Kylie Cosmetics,2017-11-29T23:50:14.000Z,REt-3P5h4Lo,22,People & Blogs
666,22,UCtinbF-Q-fVthA0qrFQTgXQ,CaseyNeistat,2017-11-29T17:59:50.000Z,nMbUA7dghlk,22,People & Blogs
667,22,UCS4mCuv_CP6xgMgGjLKLvoA,Corinne Leigh,2017-11-30T02:59:20.000Z,Lwfhn_MiTTg,22,People & Blogs
668,22,UCay_OLhWtf9iklq8zg_or0g,Boldly,2017-11-30T22:37:34.000Z,eV6yLbWCMDU,22,People & Blogs
669,22,UC6j-xSPNA3BC5vQb-zcmfEA,Kylie Cosmetics,2017-11-29T23:50:14.000Z,REt-3P5h4Lo,22,People & Blogs
670,22,UCtinbF-Q-fVthA0qrFQTgXQ,CaseyNeistat,2017-11-29T17:59:50.000Z,nMbUA7dghlk,22,People & Blogs
671,22,UCS4mCuv_CP6xgMgGjLKLvoA,Corinne Leigh,2017-11-30T02:59:20.000Z,Lwfhn_MiTTg,22,People & Blogs
672,22,UCay_OLhWtf9iklq8zg_or0g,Boldly,2017-11-30T22:37:34.000Z,eV6yLbWCMDU,22,People & Blogs
673,22,UC6j-xSPNA3BC5vQb-zcmfEA,Kylie Cosmetics,2017-11-29T23:50:14.000Z,REt-3P5h4Lo,22,People & Blogs
674,22,UCtinbF-Q-fVthA0qrFQTgXQ,CaseyNeistat,2017-11-29T17:59:50.000Z,nMbUA7dghlk,22,People & Blogs
675,22,UCS4mCuv_CP6xgMgGjLKLvoA,Corinne Leigh,2017-11-30T02:59:20.000Z,Lwfhn_MiTTg,22,People & Blogs
676,22,UCay_OLhWtf9iklq8zg_or0g,Boldly,2017-11-30T22:37:34.000Z,eV6yLbWCMDU,22,People & Blogs
677,22,UC6j-xSPNA3BC5vQb-zcmfEA,Kylie Cosmetics,2017-11-29T23:50:14.000Z,REt-3P5h4Lo,22,People & Blogs
678,22,UCtinbF-Q-fVthA0qrFQTgXQ,CaseyNeistat,2017-11-29T17:59:50.000Z,nMbUA7dghlk,22,People & Blogs
679,22,UCS4mCuv_CP6xgMgGjLKLvoA,Corinne Leigh,2017-11-30T02:59:20.000Z,Lwfhn_MiTTg,22,People & Blogs
680,15,UCaOTXKuQ-t-eTikY96B9n-Q,Taylor Nicole Dean,2017-11-30T16:09:12.000Z,sk-DFZh1G1w,15,Pets & Animals
681,15,UCaOTXKuQ-t-eTikY96B9n-Q,Taylor Nicole Dean,2017-11-30T16:09:12.000Z,sk-DFZh1G1w,15,Pets & Animals
682,15,UCaOTXKuQ-t-eTikY96B9n-Q,Taylor Nicole Dean,2017-11-30T16:09:12.000Z,sk-DFZh1G1w,15,Pets & Animals
683,15,UCaOTXKuQ-t-eTikY96B9n-Q,Taylor Nicole Dean,2017-11-30T16:09:12.000Z,sk-DFZh1G1w,15,Pets & Animals
684,15,UCaOTXKuQ-t-eTikY96B9n-Q,Taylor Nicole Dean,2017-11-30T16:09:12.000Z,sk-DFZh1G1w,15,Pets & Animals
685,15,UCaOTXKuQ-t-eTikY96B9n-Q,Taylor Nicole Dean,2017-11-30T16:09:12.000Z,sk-DFZh1G1w,15,Pets & Animals
686,15,UCaOTXKuQ-t-eTikY96B9n-Q,Taylor Nicole Dean,2017-11-30T16:09:12.000Z,sk-DFZh1G1w,15,Pets & Animals
687,15,UCaOTXKuQ-t-eTikY96B9n-Q,Taylor Nicole Dean,2017-11-30T16:09:12.000Z,sk-DFZh1G1w,15,Pets & Animals
688,15,UCaOTXKuQ-t-eTikY96B9n-Q,Taylor Nicole Dean,2017-11-30T16:09:12.000Z,sk-DFZh1G1w,15,Pets & Animals
689,15,UCaOTXKuQ-t-eTikY96B9n-Q,Taylor Nicole Dean,2017-11-30T16:09:12.000Z,sk-DFZh1G1w,15,Pets & Animals
690,15,UCaOTXKuQ-t-eTikY96B9n-Q,Taylor Nicole Dean,2017-11-30T16:09:12.000Z,sk-DFZh1G1w,15,Pets & Animals
691,15,UCaOTXKuQ-t-eTikY96B9n-Q,Taylor Nicole Dean,2017-11-30T16:09:12.000Z,sk-DFZh1G1w,15,Pets & Animals
692,15,UCaOTXKuQ-t-eTikY96B9n-Q,Taylor Nicole Dean,2017-11-30T16:09:12.000Z,sk-DFZh1G1w,15,Pets & Animals
693,15,UCaOTXKuQ-t-eTikY96B9n-Q,Taylor Nicole Dean,2017-11-30T16:09:12.000Z,sk-DFZh1G1w,15,Pets & Animals
694,15,UCaOTXKuQ-t-eTikY96B9n-Q,Taylor Nicole Dean,2017-11-30T16:09:12.000Z,sk-DFZh1G1w,15,Pets & Animals
695,15,UCaOTXKuQ-t-eTikY96B9n-Q,Taylor Nicole Dean,2017-11-30T16:09:12.000Z,sk-DFZh1G1w,15,Pets & Animals
696,15,UCaOTXKuQ-t-eTikY96B9n-Q,Taylor Nicole Dean,2017-11-30T16:09:12.000Z,sk-DFZh1G1w,15,Pets & Animals
697,15,UCaOTXKuQ-t-eTikY96B9n-Q,Taylor Nicole Dean,2017-11-30T16:09:12.000Z,sk-DFZh1G1w,15,Pets & Animals
698,15,UCaOTXKuQ-t-eTikY96B9n-Q,Taylor Nicole Dean,2017-11-30T16:09:12.000Z,sk-DFZh1G1w,15,Pets & Animals
699,15,UCaOTXKuQ-t-eTikY96B9n-Q,Taylor Nicole Dean,2017-11-30T16:09:12.000Z,sk-DFZh1G1w,15,Pets & Animals
700,28,UC7GMT3ohvYEAJFDenzj9EMQ,MickMake,2017-12-02T14:05:07.000Z,BPmgDhwbd1w,28,Science & Technology
701,28,UCY1kMZp36IQSyNx_9h4mpCg,Mark Rober,2017-11-28T21:05:56.000Z,My4RA5I0FKs,28,Science & Technology
702,28,UCoxcjq-8xIDTYp3uz647V5A,Numberphile,2017-11-30T13:59:32.000Z,2BIx2x-Q2fE,28,Science & Technology
703,28,UCK8sQmJBp8GCxrOtXWBpyEA,Google,2017-11-30T03:32:16.000Z,UAdJvXMIlXc,28,Science & Technology
704,28,UC7GMT3ohvYEAJFDenzj9EMQ,MickMake,2017-12-02T14:05:07.000Z,BPmgDhwbd1w,28,Science & Technology
705,28,UCY1kMZp36IQSyNx_9h4mpCg,Mark Rober,2017-11-28T21:05:56.000Z,My4RA5I0FKs,28,Science & Technology
706,28,UCoxcjq-8xIDTYp3uz647V5A,Numberphile,2017-11-30T13:59:32.000Z,2BIx2x-Q2fE,28,Science & Technology
707,28,UCK8sQmJBp8GCxrOtXWBpyEA,Google,2017-11-30T03:32:16.000Z,UAdJvXMIlXc,28,Science & Technology
708,28,UC7GMT3ohvYEAJFDenzj9EMQ,MickMake,2017-12-02T14:05:07.000Z,BPmgDhwbd1w,28,Science & Technology
709,28,UCY1kMZp36IQSyNx_9h4mpCg,Mark Rober,2017-11-28T21:05:56.000Z,My4RA5I0FKs,28,Science & Technology
710,28,UCoxcjq-8xIDTYp3uz647V5A,Numberphile,2017-11-30T13:59:32.000Z,2BIx2x-Q2fE,28,Science & Technology
711,28,UCK8sQmJBp8GCxrOtXWBpyEA,Google,2017-11-30T03:32:16.000Z,UAdJvXMIlXc,28,Science & Technology
712,28,UC7GMT3ohvYEAJFDenzj9EMQ,MickMake,2017-12-02T14:05:07.000Z,BPmgDhwbd1w,28,Science & Technology
713,28,UCY1kMZp36IQSyNx_9h4mpCg,Mark Rober,2017-11-28T21:05:56.000Z,My4RA5I0FKs,28,Science & Technology
714,28,UCoxcjq-8xIDTYp3uz647V5A,Numberphile,2017-11-30T13:59:32.000Z,2BIx2x-Q2fE,28,Science & Technology
715,28,UCK8sQmJBp8GCxrOtXWBpyEA,Google,2017-11-30T03:32:16.000Z,UAdJvXMIlXc,28,Science & Technology
716,28,UC7GMT3ohvYEAJFDenzj9EMQ,MickMake,2017-12-02T14:05:07.000Z,BPmgDhwbd1w,28,Science & Technology
717,28,UCY1kMZp36IQSyNx_9h4mpCg,Mark Rober,2017-11-28T21:05:56.000Z,My4RA5I0FKs,28,Science & Technology
718,28,UCoxcjq-8xIDTYp3uz647V5A,Numberphile,2017-11-30T13:59:32.000Z,2BIx2x-Q2fE,28,Science & Technology
719,28,UCK8sQmJBp8GCxrOtXWBpyEA,Google,2017-11-30T03:32:16.000Z,UAdJvXMIlXc,28,Science & Technology
720,28,UC7GMT3ohvYEAJFDenzj9EMQ,MickMake,2017-12-02T14:05:07.000Z,BPmgDhwbd1w,28,Science & Technology
721,28,UCY1kMZp36IQSyNx_9h4mpCg,Mark Rober,2017-11-28T21:05:56.000Z,My4RA5I0FKs,28,Science & Technology
722,28,UCoxcjq-8xIDTYp3uz647V5A,Numberphile,2017-11-30T13:59:32.000Z,2BIx2x-Q2fE,28,Science & Technology
723,28,UCK8sQmJBp8GCxrOtXWBpyEA,Google,2017-11-30T03:32:16.000Z,UAdJvXMIlXc,28,Science & Technology
724,28,UC7GMT3ohvYEAJFDenzj9EMQ,MickMake,2017-12-02T14:05:07.000Z,BPmgDhwbd1w,28,Science & Technology
725,28,UCY1kMZp36IQSyNx_9h4mpCg,Mark Rober,2017-11-28T21:05:56.000Z,My4RA5I0FKs,28,Science & Technology
726,28,UCoxcjq-8xIDTYp3uz647V5A,Numberphile,2017-11-30T13:59:32.000Z,2BIx2x-Q2fE,28,Science & Technology
727,28,UCK8sQmJBp8GCxrOtXWBpyEA,Google,2017-11-30T03:32:16.000Z,UAdJvXMIlXc,28,Science & Technology
728,28,UC7GMT3ohvYEAJFDenzj9EMQ,MickMake,2017-12-02T14:05:07.000Z,BPmgDhwbd1w,28,Science & Technology
729,28,UCY1kMZp36IQSyNx_9h4mpCg,Mark Rober,2017-11-28T21:05:56.000Z,My4RA5I0FKs,28,Science & Technology
730,28,UCoxcjq-8xIDTYp3uz647V5A,Numberphile,2017-11-30T13:59:32.000Z,2BIx2x-Q2fE,28,Science & Technology
731,28,UCK8sQmJBp8GCxrOtXWBpyEA,Google,2017-11-30T03:32:16.000Z,UAdJvXMIlXc,28,Science & Technology
732,28,UC7GMT3ohvYEAJFDenzj9EMQ,MickMake,2017-12-02T14:05:07.000Z,BPmgDhwbd1w,28,Science & Technology
733,28,UCY1kMZp36IQSyNx_9h4mpCg,Mark Rober,2017-11-28T21:05:56.000Z,My4RA5I0FKs,28,Science & Technology
734,28,UCoxcjq-8xIDTYp3uz647V5A,Numberphile,2017-11-30T13:59:32.000Z,2BIx2x-Q2fE,28,Science & Technology
735,28,UCK8sQmJBp8GCxrOtXWBpyEA,Google,2017-11-30T03:32:16.000Z,UAdJvXMIlXc,28,Science & Technology
736,28,UC7GMT3ohvYEAJFDenzj9EMQ,MickMake,2017-12-02T14:05:07.000Z,BPmgDhwbd1w,28,Science & Technology
737,28,UCY1kMZp36IQSyNx_9h4mpCg,Mark Rober,2017-11-28T21:05:56.000Z,My4RA5I0FKs,28,Science & Technology
738,28,UCoxcjq-8xIDTYp3uz647V5A,Numberphile,2017-11-30T13:59:32.000Z,2BIx2x-Q2fE,28,Science & Technology
739,28,UCK8sQmJBp8GCxrOtXWBpyEA,Google,2017-11-30T03:32:16.000Z,UAdJvXMIlXc,28,Science & Technology
740,28,UC7GMT3ohvYEAJFDenzj9EMQ,MickMake,2017-12-02T14:05:07.000Z,BPmgDhwbd1w,28,Science & Technology
741,28,UCY1kMZp36IQSyNx_9h4mpCg,Mark Rober,2017-11-28T21:05:56.000Z,My4RA5I0FKs,28,Science & Technology
742,28,UCoxcjq-8xIDTYp3uz647V5A,Numberphile,2017-11-30T13:59:32.000Z,2BIx2x-Q2fE,28,Science & Technology
743,28,UCK8sQmJBp8GCxrOtXWBpyEA,Google,2017-11-30T03:32:16.000Z,UAdJvXMIlXc,28,Science & Technology
744,28,UC7GMT3ohvYEAJFDenzj9EMQ,MickMake,2017-12-02T14:05:07.000Z,BPmgDhwbd1w,28,Science & Technology
745,28,UCY1kMZp36IQSyNx_9h4mpCg,Mark Rober,2017-11-28T21:05:56.000Z,My4RA5I0FKs,28,Science & Technology
746,28,UCoxcjq-8xIDTYp3uz647V5A,Numberphile,2017-11-30T13:59:32.000Z,2BIx2x-Q2fE,28,Science & Technology
747,28,UCK8sQmJBp8GCxrOtXWBpyEA,Google,2017-11-30T03:32:16.000Z,UAdJvXMIlXc,28,Science & Technology
748,28,UC7GMT3ohvYEAJFDenzj9EMQ,MickMake,2017-12-02T14:05:07.000Z,BPmgDhwbd1w,28,Science & Technology
749,28,UCY1kMZp36IQSyNx_9h4mpCg,Mark Rober,2017-11-28T21:05:56.000Z,My4RA5I0FKs,28,Science & Technology
750,28,UCoxcjq-8xIDTYp3uz647V5A,Numberphile,2017-11-30T13:59:32.000Z,2BIx2x-Q2fE,28,Science & Technology
751,28,UCK8sQmJBp8GCxrOtXWBpyEA,Google,2017-11-30T03:32:16.000Z,UAdJvXMIlXc,28,Science & Technology
752,28,UC7GMT3ohvYEAJFDenzj9EMQ,MickMake,2017-12-02T14:05:07.000Z,BPmgDhwbd1w,28,Science & Technology
753,28,UCY1kMZp36IQSyNx_9h4mpCg,Mark Rober,2017-11-28T21:05:56.000Z,My4RA5I0FKs,28,Science & Technology
754,28,UCoxcjq-8xIDTYp3uz647V5A,Numberphile,2017-11-30T13:59:32.000Z,2BIx2x-Q2fE,28,Science & Technology
755,28,UCK8sQmJBp8GCxrOtXWBpyEA,Google,2017-11-30T03:32:16.000Z,UAdJvXMIlXc,28,Science & Technology
756,28,UC7GMT3ohvYEAJFDenzj9EMQ,MickMake,2017-12-02T14:05:07.000Z,BPmgDhwbd1w,28,Science & Technology
757,28,UCY1kMZp36IQSyNx_9h4mpCg,Mark Rober,2017-11-28T21:05:56.000Z,My4RA5I0FKs,28,Science & Technology
758,28,UCoxcjq-8xIDTYp3uz647V5A,Numberphile,2017-11-30T13:59:32.000Z,2BIx2x-Q2fE,28,Science & Technology
759,28,UCK8sQmJBp8GCxrOtXWBpyEA,Google,2017-11-30T03:32:16.000Z,UAdJvXMIlXc,28,Science & Technology
760,28,UC7GMT3ohvYEAJFDenzj9EMQ,MickMake,2017-12-02T14:05:07.000Z,BPmgDhwbd1w,28,Science & Technology
761,28,UCY1kMZp36IQSyNx_9h4mpCg,Mark Rober,2017-11-28T21:05:56.000Z,My4RA5I0FKs,28,Science & Technology
762,28,UCoxcjq-8xIDTYp3uz647V5A,Numberphile,2017-11-30T13:59:32.000Z,2BIx2x-Q2fE,28,Science & Technology
763,28,UCK8sQmJBp8GCxrOtXWBpyEA,Google,2017-11-30T03:32:16.000Z,UAdJvXMIlXc,28,Science & Technology
764,28,UC7GMT3ohvYEAJFDenzj9EMQ,MickMake,2017-12-02T14:05:07.000Z,BPmgDhwbd1w,28,Science & Technology
765,28,UCY1kMZp36IQSyNx_9h4mpCg,Mark Rober,2017-11-28T21:05:56.000Z,My4RA5I0FKs,28,Science & Technology
766,28,UCoxcjq-8xIDTYp3uz647V5A,Numberphile,2017-11-30T13:59:32.000Z,2BIx2x-Q2fE,28,Science & Technology
767,28,UCK8sQmJBp8GCxrOtXWBpyEA,Google,2017-11-30T03:32:16.000Z,UAdJvXMIlXc,28,Science & Technology
768,28,UC7GMT3ohvYEAJFDenzj9EMQ,MickMake,2017-12-02T14:05:07.000Z,BPmgDhwbd1w,28,Science & Technology
769,28,UCY1kMZp36IQSyNx_9h4mpCg,Mark Rober,2017-11-28T21:05:56.000Z,My4RA5I0FKs,28,Science & Technology
770,28,UCoxcjq-8xIDTYp3uz647V5A,Numberphile,2017-11-30T13:59:32.000Z,2BIx2x-Q2fE,28,Science & Technology
771,28,UCK8sQmJBp8GCxrOtXWBpyEA,Google,2017-11-30T03:32:16.000Z,UAdJvXMIlXc,28,Science & Technology
772,28,UC7GMT3ohvYEAJFDenzj9EMQ,MickMake,2017-12-02T14:05:07.000Z,BPmgDhwbd1w,28,Science & Technology
773,28,UCY1kMZp36IQSyNx_9h4mpCg,Mark Rober,2017-11-28T21:05:56.000Z,My4RA5I0FKs,28,Science & Technology
774,28,UCoxcjq-8xIDTYp3uz647V5A,Numberphile,2017-11-30T13:59:32.000Z,2BIx2x-Q2fE,28,Science & Technology
775,28,UCK8sQmJBp8GCxrOtXWBpyEA,Google,2017-11-30T03:32:16.000Z,UAdJvXMIlXc,28,Science & Technology
776,28,UC7GMT3ohvYEAJFDenzj9EMQ,MickMake,2017-12-02T14:05:07.000Z,BPmgDhwbd1w,28,Science & Technology
777,28,UCY1kMZp36IQSyNx_9h4mpCg,Mark Rober,2017-11-28T21:05:56.000Z,My4RA5I0FKs,28,Science & Technology
778,28,UCoxcjq-8xIDTYp3uz647V5A,Numberphile,2017-11-30T13:59:32.000Z,2BIx2x-Q2fE,28,Science & Technology
779,28,UCK8sQmJBp8GCxrOtXWBpyEA,Google,2017-11-30T03:32:16.000Z,UAdJvXMIlXc,28,Science & Technology
780,20,UCFctpiB_Hnlk3ejWfHqSm6Q,The Official Pokmon YouTube Channel,2017-11-30T16:11:54.000Z,BLts9UN_K3g,20,Gaming
781,20,UCFctpiB_Hnlk3ejWfHqSm6Q,The Official Pokmon YouTube Channel,2017-11-30T16:11:54.000Z,BLts9UN_K3g,20,Gaming
782,20,UCFctpiB_Hnlk3ejWfHqSm6Q,The Official Pokmon YouTube Channel,2017-11-30T16:11:54.000Z,BLts9UN_K3g,20,Gaming
783,20,UCFctpiB_Hnlk3ejWfHqSm6Q,The Official Pokmon YouTube Channel,2017-11-30T16:11:54.000Z,BLts9UN_K3g,20,Gaming
784,20,UCFctpiB_Hnlk3ejWfHqSm6Q,The Official Pokmon YouTube Channel,2017-11-30T16:11:54.000Z,BLts9UN_K3g,20,Gaming
785,20,UCFctpiB_Hnlk3ejWfHqSm6Q,The Official Pokmon YouTube Channel,2017-11-30T16:11:54.000Z,BLts9UN_K3g,20,Gaming
786,20,UCFctpiB_Hnlk3ejWfHqSm6Q,The Official Pokmon YouTube Channel,2017-11-30T16:11:54.000Z,BLts9UN_K3g,20,Gaming
787,20,UCFctpiB_Hnlk3ejWfHqSm6Q,The Official Pokmon YouTube Channel,2017-11-30T16:11:54.000Z,BLts9UN_K3g,20,Gaming
788,20,UCFctpiB_Hnlk3ejWfHqSm6Q,The Official Pokmon YouTube Channel,2017-11-30T16:11:54.000Z,BLts9UN_K3g,20,Gaming
789,20,UCFctpiB_Hnlk3ejWfHqSm6Q,The Official Pokmon YouTube Channel,2017-11-30T16:11:54.000Z,BLts9UN_K3g,20,Gaming
790,20,UCFctpiB_Hnlk3ejWfHqSm6Q,The Official Pokmon YouTube Channel,2017-11-30T16:11:54.000Z,BLts9UN_K3g,20,Gaming
791,20,UCFctpiB_Hnlk3ejWfHqSm6Q,The Official Pokmon YouTube Channel,2017-11-30T16:11:54.000Z,BLts9UN_K3g,20,Gaming
792,20,UCFctpiB_Hnlk3ejWfHqSm6Q,The Official Pokmon YouTube Channel,2017-11-30T16:11:54.000Z,BLts9UN_K3g,20,Gaming
793,20,UCFctpiB_Hnlk3ejWfHqSm6Q,The Official Pokmon YouTube Channel,2017-11-30T16:11:54.000Z,BLts9UN_K3g,20,Gaming
794,20,UCFctpiB_Hnlk3ejWfHqSm6Q,The Official Pokmon YouTube Channel,2017-11-30T16:11:54.000Z,BLts9UN_K3g,20,Gaming
795,20,UCFctpiB_Hnlk3ejWfHqSm6Q,The Official Pokmon YouTube Channel,2017-11-30T16:11:54.000Z,BLts9UN_K3g,20,Gaming
796,20,UCFctpiB_Hnlk3ejWfHqSm6Q,The Official Pokmon YouTube Channel,2017-11-30T16:11:54.000Z,BLts9UN_K3g,20,Gaming
797,20,UCFctpiB_Hnlk3ejWfHqSm6Q,The Official Pokmon YouTube Channel,2017-11-30T16:11:54.000Z,BLts9UN_K3g,20,Gaming
798,20,UCFctpiB_Hnlk3ejWfHqSm6Q,The Official Pokmon YouTube Channel,2017-11-30T16:11:54.000Z,BLts9UN_K3g,20,Gaming
799,20,UCFctpiB_Hnlk3ejWfHqSm6Q,The Official Pokmon YouTube Channel,2017-11-30T16:11:54.000Z,BLts9UN_K3g,20,Gaming
800,2,UCp68_FLety0O-n9QU6phsgw,colinfurze,2017-11-30T16:00:03.000Z,sTvY9Llqtms,2,Autos & Vehicles
801,2,UCp68_FLety0O-n9QU6phsgw,colinfurze,2017-11-30T16:00:03.000Z,sTvY9Llqtms,2,Autos & Vehicles
802,2,UCp68_FLety0O-n9QU6phsgw,colinfurze,2017-11-30T16:00:03.000Z,sTvY9Llqtms,2,Autos & Vehicles
803,2,UCp68_FLety0O-n9QU6phsgw,colinfurze,2017-11-30T16:00:03.000Z,sTvY9Llqtms,2,Autos & Vehicles
804,2,UCp68_FLety0O-n9QU6phsgw,colinfurze,2017-11-30T16:00:03.000Z,sTvY9Llqtms,2,Autos & Vehicles
805,2,UCp68_FLety0O-n9QU6phsgw,colinfurze,2017-11-30T16:00:03.000Z,sTvY9Llqtms,2,Autos & Vehicles
806,2,UCp68_FLety0O-n9QU6phsgw,colinfurze,2017-11-30T16:00:03.000Z,sTvY9Llqtms,2,Autos & Vehicles
807,2,UCp68_FLety0O-n9QU6phsgw,colinfurze,2017-11-30T16:00:03.000Z,sTvY9Llqtms,2,Autos & Vehicles
808,2,UCp68_FLety0O-n9QU6phsgw,colinfurze,2017-11-30T16:00:03.000Z,sTvY9Llqtms,2,Autos & Vehicles
809,2,UCp68_FLety0O-n9QU6phsgw,colinfurze,2017-11-30T16:00:03.000Z,sTvY9Llqtms,2,Autos & Vehicles
810,2,UCp68_FLety0O-n9QU6phsgw,colinfurze,2017-11-30T16:00:03.000Z,sTvY9Llqtms,2,Autos & Vehicles
811,2,UCp68_FLety0O-n9QU6phsgw,colinfurze,2017-11-30T16:00:03.000Z,sTvY9Llqtms,2,Autos & Vehicles
812,2,UCp68_FLety0O-n9QU6phsgw,colinfurze,2017-11-30T16:00:03.000Z,sTvY9Llqtms,2,Autos & Vehicles
813,2,UCp68_FLety0O-n9QU6phsgw,colinfurze,2017-11-30T16:00:03.000Z,sTvY9Llqtms,2,Autos & Vehicles
814,2,UCp68_FLety0O-n9QU6phsgw,colinfurze,2017-11-30T16:00:03.000Z,sTvY9Llqtms,2,Autos & Vehicles
815,2,UCp68_FLety0O-n9QU6phsgw,colinfurze,2017-11-30T16:00:03.000Z,sTvY9Llqtms,2,Autos & Vehicles
816,2,UCp68_FLety0O-n9QU6phsgw,colinfurze,2017-11-30T16:00:03.000Z,sTvY9Llqtms,2,Autos & Vehicles
817,2,UCp68_FLety0O-n9QU6phsgw,colinfurze,2017-11-30T16:00:03.000Z,sTvY9Llqtms,2,Autos & Vehicles
818,2,UCp68_FLety0O-n9QU6phsgw,colinfurze,2017-11-30T16:00:03.000Z,sTvY9Llqtms,2,Autos & Vehicles
819,2,UCp68_FLety0O-n9QU6phsgw,colinfurze,2017-11-30T16:00:03.000Z,sTvY9Llqtms,2,Autos & Vehicles
820,23,UCV9_KinVpV-snHe3C3n1hvA,shane,2017-11-29T20:00:02.000Z,LU6xDgpnIyM,23,Comedy
821,23,UCV9_KinVpV-snHe3C3n1hvA,shane,2017-11-29T20:00:02.000Z,LU6xDgpnIyM,23,Comedy
822,23,UCV9_KinVpV-snHe3C3n1hvA,shane,2017-11-29T20:00:02.000Z,LU6xDgpnIyM,23,Comedy
823,23,UCV9_KinVpV-snHe3C3n1hvA,shane,2017-11-29T20:00:02.000Z,LU6xDgpnIyM,23,Comedy
824,23,UCV9_KinVpV-snHe3C3n1hvA,shane,2017-11-29T20:00:02.000Z,LU6xDgpnIyM,23,Comedy
825,23,UCV9_KinVpV-snHe3C3n1hvA,shane,2017-11-29T20:00:02.000Z,LU6xDgpnIyM,23,Comedy
826,23,UCV9_KinVpV-snHe3C3n1hvA,shane,2017-11-29T20:00:02.000Z,LU6xDgpnIyM,23,Comedy
827,23,UCV9_KinVpV-snHe3C3n1hvA,shane,2017-11-29T20:00:02.000Z,LU6xDgpnIyM,23,Comedy
828,23,UCV9_KinVpV-snHe3C3n1hvA,shane,2017-11-29T20:00:02.000Z,LU6xDgpnIyM,23,Comedy
829,23,UCV9_KinVpV-snHe3C3n1hvA,shane,2017-11-29T20:00:02.000Z,LU6xDgpnIyM,23,Comedy
830,23,UCV9_KinVpV-snHe3C3n1hvA,shane,2017-11-29T20:00:02.000Z,LU6xDgpnIyM,23,Comedy
831,23,UCV9_KinVpV-snHe3C3n1hvA,shane,2017-11-29T20:00:02.000Z,LU6xDgpnIyM,23,Comedy
832,23,UCV9_KinVpV-snHe3C3n1hvA,shane,2017-11-29T20:00:02.000Z,LU6xDgpnIyM,23,Comedy
833,23,UCV9_KinVpV-snHe3C3n1hvA,shane,2017-11-29T20:00:02.000Z,LU6xDgpnIyM,23,Comedy
834,23,UCV9_KinVpV-snHe3C3n1hvA,shane,2017-11-29T20:00:02.000Z,LU6xDgpnIyM,23,Comedy
835,23,UCV9_KinVpV-snHe3C3n1hvA,shane,2017-11-29T20:00:02.000Z,LU6xDgpnIyM,23,Comedy
836,23,UCV9_KinVpV-snHe3C3n1hvA,shane,2017-11-29T20:00:02.000Z,LU6xDgpnIyM,23,Comedy
837,23,UCV9_KinVpV-snHe3C3n1hvA,shane,2017-11-29T20:00:02.000Z,LU6xDgpnIyM,23,Comedy
838,23,UCV9_KinVpV-snHe3C3n1hvA,shane,2017-11-29T20:00:02.000Z,LU6xDgpnIyM,23,Comedy
839,23,UCV9_KinVpV-snHe3C3n1hvA,shane,2017-11-29T20:00:02.000Z,LU6xDgpnIyM,23,Comedy
840,27,UCuCkxoKLYO_EQ2GeFtbM_bw,Half as Interesting,2017-11-30T15:30:00.000Z,-gfGtIHfU7A,27,Education
841,27,UCGINcKuFbysZAslgL46KeOA,The University of Chicago,2012-12-10T17:48:48.000Z,GDUncuEErzQ,27,Education
842,27,UCZYTClx2T1of7BRZ86-8fow,SciShow,2017-11-29T22:00:02.000Z,izwomieBwG0,27,Education
843,27,UCuCkxoKLYO_EQ2GeFtbM_bw,Half as Interesting,2017-11-30T15:30:00.000Z,-gfGtIHfU7A,27,Education
844,27,UCGINcKuFbysZAslgL46KeOA,The University of Chicago,2012-12-10T17:48:48.000Z,GDUncuEErzQ,27,Education
845,27,UCZYTClx2T1of7BRZ86-8fow,SciShow,2017-11-29T22:00:02.000Z,izwomieBwG0,27,Education
846,27,UCuCkxoKLYO_EQ2GeFtbM_bw,Half as Interesting,2017-11-30T15:30:00.000Z,-gfGtIHfU7A,27,Education
847,27,UCGINcKuFbysZAslgL46KeOA,The University of Chicago,2012-12-10T17:48:48.000Z,GDUncuEErzQ,27,Education
848,27,UCZYTClx2T1of7BRZ86-8fow,SciShow,2017-11-29T22:00:02.000Z,izwomieBwG0,27,Education
849,27,UCuCkxoKLYO_EQ2GeFtbM_bw,Half as Interesting,2017-11-30T15:30:00.000Z,-gfGtIHfU7A,27,Education
850,27,UCGINcKuFbysZAslgL46KeOA,The University of Chicago,2012-12-10T17:48:48.000Z,GDUncuEErzQ,27,Education
851,27,UCZYTClx2T1of7BRZ86-8fow,SciShow,2017-11-29T22:00:02.000Z,izwomieBwG0,27,Education
852,27,UCuCkxoKLYO_EQ2GeFtbM_bw,Half as Interesting,2017-11-30T15:30:00.000Z,-gfGtIHfU7A,27,Education
853,27,UCGINcKuFbysZAslgL46KeOA,The University of Chicago,2012-12-10T17:48:48.000Z,GDUncuEErzQ,27,Education
854,27,UCZYTClx2T1of7BRZ86-8fow,SciShow,2017-11-29T22:00:02.000Z,izwomieBwG0,27,Education
855,27,UCuCkxoKLYO_EQ2GeFtbM_bw,Half as Interesting,2017-11-30T15:30:00.000Z,-gfGtIHfU7A,27,Education
856,27,UCGINcKuFbysZAslgL46KeOA,The University of Chicago,2012-12-10T17:48:48.000Z,GDUncuEErzQ,27,Education
857,27,UCZYTClx2T1of7BRZ86-8fow,SciShow,2017-11-29T22:00:02.000Z,izwomieBwG0,27,Education
858,27,UCuCkxoKLYO_EQ2GeFtbM_bw,Half as Interesting,2017-11-30T15:30:00.000Z,-gfGtIHfU7A,27,Education
859,27,UCGINcKuFbysZAslgL46KeOA,The University of Chicago,2012-12-10T17:48:48.000Z,GDUncuEErzQ,27,Education
860,27,UCZYTClx2T1of7BRZ86-8fow,SciShow,2017-11-29T22:00:02.000Z,izwomieBwG0,27,Education
861,27,UCuCkxoKLYO_EQ2GeFtbM_bw,Half as Interesting,2017-11-30T15:30:00.000Z,-gfGtIHfU7A,27,Education
862,27,UCGINcKuFbysZAslgL46KeOA,The University of Chicago,2012-12-10T17:48:48.000Z,GDUncuEErzQ,27,Education
863,27,UCZYTClx2T1of7BRZ86-8fow,SciShow,2017-11-29T22:00:02.000Z,izwomieBwG0,27,Education
864,27,UCuCkxoKLYO_EQ2GeFtbM_bw,Half as Interesting,2017-11-30T15:30:00.000Z,-gfGtIHfU7A,27,Education
865,27,UCGINcKuFbysZAslgL46KeOA,The University of Chicago,2012-12-10T17:48:48.000Z,GDUncuEErzQ,27,Education
866,27,UCZYTClx2T1of7BRZ86-8fow,SciShow,2017-11-29T22:00:02.000Z,izwomieBwG0,27,Education
867,27,UCuCkxoKLYO_EQ2GeFtbM_bw,Half as Interesting,2017-11-30T15:30:00.000Z,-gfGtIHfU7A,27,Education
868,27,UCGINcKuFbysZAslgL46KeOA,The University of Chicago,2012-12-10T17:48:48.000Z,GDUncuEErzQ,27,Education
869,27,UCZYTClx2T1of7BRZ86-8fow,SciShow,2017-11-29T22:00:02.000Z,izwomieBwG0,27,Education
870,27,UCuCkxoKLYO_EQ2GeFtbM_bw,Half as Interesting,2017-11-30T15:30:00.000Z,-gfGtIHfU7A,27,Education
871,27,UCGINcKuFbysZAslgL46KeOA,The University of Chicago,2012-12-10T17:48:48.000Z,GDUncuEErzQ,27,Education
872,27,UCZYTClx2T1of7BRZ86-8fow,SciShow,2017-11-29T22:00:02.000Z,izwomieBwG0,27,Education
873,27,UCuCkxoKLYO_EQ2GeFtbM_bw,Half as Interesting,2017-11-30T15:30:00.000Z,-gfGtIHfU7A,27,Education
874,27,UCGINcKuFbysZAslgL46KeOA,The University of Chicago,2012-12-10T17:48:48.000Z,GDUncuEErzQ,27,Education
875,27,UCZYTClx2T1of7BRZ86-8fow,SciShow,2017-11-29T22:00:02.000Z,izwomieBwG0,27,Education
876,27,UCuCkxoKLYO_EQ2GeFtbM_bw,Half as Interesting,2017-11-30T15:30:00.000Z,-gfGtIHfU7A,27,Education
877,27,UCGINcKuFbysZAslgL46KeOA,The University of Chicago,2012-12-10T17:48:48.000Z,GDUncuEErzQ,27,Education
878,27,UCZYTClx2T1of7BRZ86-8fow,SciShow,2017-11-29T22:00:02.000Z,izwomieBwG0,27,Education
879,27,UCuCkxoKLYO_EQ2GeFtbM_bw,Half as Interesting,2017-11-30T15:30:00.000Z,-gfGtIHfU7A,27,Education
880,27,UCGINcKuFbysZAslgL46KeOA,The University of Chicago,2012-12-10T17:48:48.000Z,GDUncuEErzQ,27,Education
881,27,UCZYTClx2T1of7BRZ86-8fow,SciShow,2017-11-29T22:00:02.000Z,izwomieBwG0,27,Education
882,27,UCuCkxoKLYO_EQ2GeFtbM_bw,Half as Interesting,2017-11-30T15:30:00.000Z,-gfGtIHfU7A,27,Education
883,27,UCGINcKuFbysZAslgL46KeOA,The University of Chicago,2012-12-10T17:48:48.000Z,GDUncuEErzQ,27,Education
884,27,UCZYTClx2T1of7BRZ86-8fow,SciShow,2017-11-29T22:00:02.000Z,izwomieBwG0,27,Education
885,27,UCuCkxoKLYO_EQ2GeFtbM_bw,Half as Interesting,2017-11-30T15:30:00.000Z,-gfGtIHfU7A,27,Education
886,27,UCGINcKuFbysZAslgL46KeOA,The University of Chicago,2012-12-10T17:48:48.000Z,GDUncuEErzQ,27,Education
887,27,UCZYTClx2T1of7BRZ86-8fow,SciShow,2017-11-29T22:00:02.000Z,izwomieBwG0,27,Education
888,27,UCuCkxoKLYO_EQ2GeFtbM_bw,Half as Interesting,2017-11-30T15:30:00.000Z,-gfGtIHfU7A,27,Education
889,27,UCGINcKuFbysZAslgL46KeOA,The University of Chicago,2012-12-10T17:48:48.000Z,GDUncuEErzQ,27,Education
890,27,UCZYTClx2T1of7BRZ86-8fow,SciShow,2017-11-29T22:00:02.000Z,izwomieBwG0,27,Education
891,27,UCuCkxoKLYO_EQ2GeFtbM_bw,Half as Interesting,2017-11-30T15:30:00.000Z,-gfGtIHfU7A,27,Education
892,27,UCGINcKuFbysZAslgL46KeOA,The University of Chicago,2012-12-10T17:48:48.000Z,GDUncuEErzQ,27,Education
893,27,UCZYTClx2T1of7BRZ86-8fow,SciShow,2017-11-29T22:00:02.000Z,izwomieBwG0,27,Education
894,27,UCuCkxoKLYO_EQ2GeFtbM_bw,Half as Interesting,2017-11-30T15:30:00.000Z,-gfGtIHfU7A,27,Education
895,27,UCGINcKuFbysZAslgL46KeOA,The University of Chicago,2012-12-10T17:48:48.000Z,GDUncuEErzQ,27,Education
896,27,UCZYTClx2T1of7BRZ86-8fow,SciShow,2017-11-29T22:00:02.000Z,izwomieBwG0,27,Education
897,27,UCuCkxoKLYO_EQ2GeFtbM_bw,Half as Interesting,2017-11-30T15:30:00.000Z,-gfGtIHfU7A,27,Education
898,27,UCGINcKuFbysZAslgL46KeOA,The University of Chicago,2012-12-10T17:48:48.000Z,GDUncuEErzQ,27,Education
899,27,UCZYTClx2T1of7BRZ86-8fow,SciShow,2017-11-29T22:00:02.000Z,izwomieBwG0,27,Education
900,17,UCDRmGMSgrtZkOsh_NQl4_xw,SB Nation,2017-11-30T18:57:19.000Z,1I0cUTXwr-k,17,Sports
901,17,UCpcTrCXblq78GZrTUTLWeBw,FIFATV,2017-11-30T07:30:00.000Z,VhexfxLPgTE,17,Sports
902,17,UCDRmGMSgrtZkOsh_NQl4_xw,SB Nation,2017-11-30T18:57:19.000Z,1I0cUTXwr-k,17,Sports
903,17,UCpcTrCXblq78GZrTUTLWeBw,FIFATV,2017-11-30T07:30:00.000Z,VhexfxLPgTE,17,Sports
904,17,UCDRmGMSgrtZkOsh_NQl4_xw,SB Nation,2017-11-30T18:57:19.000Z,1I0cUTXwr-k,17,Sports
905,17,UCpcTrCXblq78GZrTUTLWeBw,FIFATV,2017-11-30T07:30:00.000Z,VhexfxLPgTE,17,Sports
906,17,UCDRmGMSgrtZkOsh_NQl4_xw,SB Nation,2017-11-30T18:57:19.000Z,1I0cUTXwr-k,17,Sports
907,17,UCpcTrCXblq78GZrTUTLWeBw,FIFATV,2017-11-30T07:30:00.000Z,VhexfxLPgTE,17,Sports
908,17,UCDRmGMSgrtZkOsh_NQl4_xw,SB Nation,2017-11-30T18:57:19.000Z,1I0cUTXwr-k,17,Sports
909,17,UCpcTrCXblq78GZrTUTLWeBw,FIFATV,2017-11-30T07:30:00.000Z,VhexfxLPgTE,17,Sports
910,17,UCDRmGMSgrtZkOsh_NQl4_xw,SB Nation,2017-11-30T18:57:19.000Z,1I0cUTXwr-k,17,Sports
911,17,UCpcTrCXblq78GZrTUTLWeBw,FIFATV,2017-11-30T07:30:00.000Z,VhexfxLPgTE,17,Sports
912,17,UCDRmGMSgrtZkOsh_NQl4_xw,SB Nation,2017-11-30T18:57:19.000Z,1I0cUTXwr-k,17,Sports
913,17,UCpcTrCXblq78GZrTUTLWeBw,FIFATV,2017-11-30T07:30:00.000Z,VhexfxLPgTE,17,Sports
914,17,UCDRmGMSgrtZkOsh_NQl4_xw,SB Nation,2017-11-30T18:57:19.000Z,1I0cUTXwr-k,17,Sports
915,17,UCpcTrCXblq78GZrTUTLWeBw,FIFATV,2017-11-30T07:30:00.000Z,VhexfxLPgTE,17,Sports
916,17,UCDRmGMSgrtZkOsh_NQl4_xw,SB Nation,2017-11-30T18:57:19.000Z,1I0cUTXwr-k,17,Sports
917,17,UCpcTrCXblq78GZrTUTLWeBw,FIFATV,2017-11-30T07:30:00.000Z,VhexfxLPgTE,17,Sports
918,17,UCDRmGMSgrtZkOsh_NQl4_xw,SB Nation,2017-11-30T18:57:19.000Z,1I0cUTXwr-k,17,Sports
919,17,UCpcTrCXblq78GZrTUTLWeBw,FIFATV,2017-11-30T07:30:00.000Z,VhexfxLPgTE,17,Sports
920,17,UCDRmGMSgrtZkOsh_NQl4_xw,SB Nation,2017-11-30T18:57:19.000Z,1I0cUTXwr-k,17,Sports
921,17,UCpcTrCXblq78GZrTUTLWeBw,FIFATV,2017-11-30T07:30:00.000Z,VhexfxLPgTE,17,Sports
922,17,UCDRmGMSgrtZkOsh_NQl4_xw,SB Nation,2017-11-30T18:57:19.000Z,1I0cUTXwr-k,17,Sports
923,17,UCpcTrCXblq78GZrTUTLWeBw,FIFATV,2017-11-30T07:30:00.000Z,VhexfxLPgTE,17,Sports
924,17,UCDRmGMSgrtZkOsh_NQl4_xw,SB Nation,2017-11-30T18:57:19.000Z,1I0cUTXwr-k,17,Sports
925,17,UCpcTrCXblq78GZrTUTLWeBw,FIFATV,2017-11-30T07:30:00.000Z,VhexfxLPgTE,17,Sports
926,17,UCDRmGMSgrtZkOsh_NQl4_xw,SB Nation,2017-11-30T18:57:19.000Z,1I0cUTXwr-k,17,Sports
927,17,UCpcTrCXblq78GZrTUTLWeBw,FIFATV,2017-11-30T07:30:00.000Z,VhexfxLPgTE,17,Sports
928,17,UCDRmGMSgrtZkOsh_NQl4_xw,SB Nation,2017-11-30T18:57:19.000Z,1I0cUTXwr-k,17,Sports
929,17,UCpcTrCXblq78GZrTUTLWeBw,FIFATV,2017-11-30T07:30:00.000Z,VhexfxLPgTE,17,Sports
930,17,UCDRmGMSgrtZkOsh_NQl4_xw,SB Nation,2017-11-30T18:57:19.000Z,1I0cUTXwr-k,17,Sports
931,17,UCpcTrCXblq78GZrTUTLWeBw,FIFATV,2017-11-30T07:30:00.000Z,VhexfxLPgTE,17,Sports
932,17,UCDRmGMSgrtZkOsh_NQl4_xw,SB Nation,2017-11-30T18:57:19.000Z,1I0cUTXwr-k,17,Sports
933,17,UCpcTrCXblq78GZrTUTLWeBw,FIFATV,2017-11-30T07:30:00.000Z,VhexfxLPgTE,17,Sports
934,17,UCDRmGMSgrtZkOsh_NQl4_xw,SB Nation,2017-11-30T18:57:19.000Z,1I0cUTXwr-k,17,Sports
935,17,UCpcTrCXblq78GZrTUTLWeBw,FIFATV,2017-11-30T07:30:00.000Z,VhexfxLPgTE,17,Sports
936,17,UCDRmGMSgrtZkOsh_NQl4_xw,SB Nation,2017-11-30T18:57:19.000Z,1I0cUTXwr-k,17,Sports
937,17,UCpcTrCXblq78GZrTUTLWeBw,FIFATV,2017-11-30T07:30:00.000Z,VhexfxLPgTE,17,Sports
938,17,UCDRmGMSgrtZkOsh_NQl4_xw,SB Nation,2017-11-30T18:57:19.000Z,1I0cUTXwr-k,17,Sports
939,17,UCpcTrCXblq78GZrTUTLWeBw,FIFATV,2017-11-30T07:30:00.000Z,VhexfxLPgTE,17,Sports
940,1,UCLquyEGkXKvp9xahcrnwm9w,cgriesemer,2017-11-29T14:58:15.000Z,gvZW4Lh-8Mc,1,Film & Animation
941,1,UC2-BeLxzUBSs0uSrmzWhJuQ,20th Century Fox,2017-11-28T21:28:53.000Z,ykHeGtN4m94,1,Film & Animation
942,1,UCMqZKtU6-U2_2m0ZunCsiow,Vote The Process,2017-11-30T01:29:36.000Z,J3IbiFCR-Xs,1,Film & Animation
943,1,UCLquyEGkXKvp9xahcrnwm9w,cgriesemer,2017-11-29T14:58:15.000Z,gvZW4Lh-8Mc,1,Film & Animation
944,1,UC2-BeLxzUBSs0uSrmzWhJuQ,20th Century Fox,2017-11-28T21:28:53.000Z,ykHeGtN4m94,1,Film & Animation
945,1,UCMqZKtU6-U2_2m0ZunCsiow,Vote The Process,2017-11-30T01:29:36.000Z,J3IbiFCR-Xs,1,Film & Animation
946,1,UCLquyEGkXKvp9xahcrnwm9w,cgriesemer,2017-11-29T14:58:15.000Z,gvZW4Lh-8Mc,1,Film & Animation
947,1,UC2-BeLxzUBSs0uSrmzWhJuQ,20th Century Fox,2017-11-28T21:28:53.000Z,ykHeGtN4m94,1,Film & Animation
948,1,UCMqZKtU6-U2_2m0ZunCsiow,Vote The Process,2017-11-30T01:29:36.000Z,J3IbiFCR-Xs,1,Film & Animation
949,1,UCLquyEGkXKvp9xahcrnwm9w,cgriesemer,2017-11-29T14:58:15.000Z,gvZW4Lh-8Mc,1,Film & Animation
950,1,UC2-BeLxzUBSs0uSrmzWhJuQ,20th Century Fox,2017-11-28T21:28:53.000Z,ykHeGtN4m94,1,Film & Animation
951,1,UCMqZKtU6-U2_2m0ZunCsiow,Vote The Process,2017-11-30T01:29:36.000Z,J3IbiFCR-Xs,1,Film & Animation
952,1,UCLquyEGkXKvp9xahcrnwm9w,cgriesemer,2017-11-29T14:58:15.000Z,gvZW4Lh-8Mc,1,Film & Animation
953,1,UC2-BeLxzUBSs0uSrmzWhJuQ,20th Century Fox,2017-11-28T21:28:53.000Z,ykHeGtN4m94,1,Film & Animation
954,1,UCMqZKtU6-U2_2m0ZunCsiow,Vote The Process,2017-11-30T01:29:36.000Z,J3IbiFCR-Xs,1,Film & Animation
955,1,UCLquyEGkXKvp9xahcrnwm9w,cgriesemer,2017-11-29T14:58:15.000Z,gvZW4Lh-8Mc,1,Film & Animation
956,1,UC2-BeLxzUBSs0uSrmzWhJuQ,20th Century Fox,2017-11-28T21:28:53.000Z,ykHeGtN4m94,1,Film & Animation
957,1,UCMqZKtU6-U2_2m0ZunCsiow,Vote The Process,2017-11-30T01:29:36.000Z,J3IbiFCR-Xs,1,Film & Animation
958,1,UCLquyEGkXKvp9xahcrnwm9w,cgriesemer,2017-11-29T14:58:15.000Z,gvZW4Lh-8Mc,1,Film & Animation
959,1,UC2-BeLxzUBSs0uSrmzWhJuQ,20th Century Fox,2017-11-28T21:28:53.000Z,ykHeGtN4m94,1,Film & Animation
960,1,UCMqZKtU6-U2_2m0ZunCsiow,Vote The Process,2017-11-30T01:29:36.000Z,J3IbiFCR-Xs,1,Film & Animation
961,1,UCLquyEGkXKvp9xahcrnwm9w,cgriesemer,2017-11-29T14:58:15.000Z,gvZW4Lh-8Mc,1,Film & Animation
962,1,UC2-BeLxzUBSs0uSrmzWhJuQ,20th Century Fox,2017-11-28T21:28:53.000Z,ykHeGtN4m94,1,Film & Animation
963,1,UCMqZKtU6-U2_2m0ZunCsiow,Vote The Process,2017-11-30T01:29:36.000Z,J3IbiFCR-Xs,1,Film & Animation
964,1,UCLquyEGkXKvp9xahcrnwm9w,cgriesemer,2017-11-29T14:58:15.000Z,gvZW4Lh-8Mc,1,Film & Animation
965,1,UC2-BeLxzUBSs0uSrmzWhJuQ,20th Century Fox,2017-11-28T21:28:53.000Z,ykHeGtN4m94,1,Film & Animation
966,1,UCMqZKtU6-U2_2m0ZunCsiow,Vote The Process,2017-11-30T01:29:36.000Z,J3IbiFCR-Xs,1,Film & Animation
967,1,UCLquyEGkXKvp9xahcrnwm9w,cgriesemer,2017-11-29T14:58:15.000Z,gvZW4Lh-8Mc,1,Film & Animation
968,1,UC2-BeLxzUBSs0uSrmzWhJuQ,20th Century Fox,2017-11-28T21:28:53.000Z,ykHeGtN4m94,1,Film & Animation
969,1,UCMqZKtU6-U2_2m0ZunCsiow,Vote The Process,2017-11-30T01:29:36.000Z,J3IbiFCR-Xs,1,Film & Animation
970,1,UCLquyEGkXKvp9xahcrnwm9w,cgriesemer,2017-11-29T14:58:15.000Z,gvZW4Lh-8Mc,1,Film & Animation
971,1,UC2-BeLxzUBSs0uSrmzWhJuQ,20th Century Fox,2017-11-28T21:28:53.000Z,ykHeGtN4m94,1,Film & Animation
972,1,UCMqZKtU6-U2_2m0ZunCsiow,Vote The Process,2017-11-30T01:29:36.000Z,J3IbiFCR-Xs,1,Film & Animation
973,1,UCLquyEGkXKvp9xahcrnwm9w,cgriesemer,2017-11-29T14:58:15.000Z,gvZW4Lh-8Mc,1,Film & Animation
974,1,UC2-BeLxzUBSs0uSrmzWhJuQ,20th Century Fox,2017-11-28T21:28:53.000Z,ykHeGtN4m94,1,Film & Animation
975,1,UCMqZKtU6-U2_2m0ZunCsiow,Vote The Process,2017-11-30T01:29:36.000Z,J3IbiFCR-Xs,1,Film & Animation
976,1,UCLquyEGkXKvp9xahcrnwm9w,cgriesemer,2017-11-29T14:58:15.000Z,gvZW4Lh-8Mc,1,Film & Animation
977,1,UC2-BeLxzUBSs0uSrmzWhJuQ,20th Century Fox,2017-11-28T21:28:53.000Z,ykHeGtN4m94,1,Film & Animation
978,1,UCMqZKtU6-U2_2m0ZunCsiow,Vote The Process,2017-11-30T01:29:36.000Z,J3IbiFCR-Xs,1,Film & Animation
979,1,UCLquyEGkXKvp9xahcrnwm9w,cgriesemer,2017-11-29T14:58:15.000Z,gvZW4Lh-8Mc,1,Film & Animation
980,1,UC2-BeLxzUBSs0uSrmzWhJuQ,20th Century Fox,2017-11-28T21:28:53.000Z,ykHeGtN4m94,1,Film & Animation
981,1,UCMqZKtU6-U2_2m0ZunCsiow,Vote The Process,2017-11-30T01:29:36.000Z,J3IbiFCR-Xs,1,Film & Animation
982,1,UCLquyEGkXKvp9xahcrnwm9w,cgriesemer,2017-11-29T14:58:15.000Z,gvZW4Lh-8Mc,1,Film & Animation
983,1,UC2-BeLxzUBSs0uSrmzWhJuQ,20th Century Fox,2017-11-28T21:28:53.000Z,ykHeGtN4m94,1,Film & Animation
984,1,UCMqZKtU6-U2_2m0ZunCsiow,Vote The Process,2017-11-30T01:29:36.000Z,J3IbiFCR-Xs,1,Film & Animation
985,1,UCLquyEGkXKvp9xahcrnwm9w,cgriesemer,2017-11-29T14:58:15.000Z,gvZW4Lh-8Mc,1,Film & Animation
986,1,UC2-BeLxzUBSs0uSrmzWhJuQ,20th Century Fox,2017-11-28T21:28:53.000Z,ykHeGtN4m94,1,Film & Animation
987,1,UCMqZKtU6-U2_2m0ZunCsiow,Vote The Process,2017-11-30T01:29:36.000Z,J3IbiFCR-Xs,1,Film & Animation
988,1,UCLquyEGkXKvp9xahcrnwm9w,cgriesemer,2017-11-29T14:58:15.000Z,gvZW4Lh-8Mc,1,Film & Animation
989,1,UC2-BeLxzUBSs0uSrmzWhJuQ,20th Century Fox,2017-11-28T21:28:53.000Z,ykHeGtN4m94,1,Film & Animation
990,1,UCMqZKtU6-U2_2m0ZunCsiow,Vote The Process,2017-11-30T01:29:36.000Z,J3IbiFCR-Xs,1,Film & Animation
991,1,UCLquyEGkXKvp9xahcrnwm9w,cgriesemer,2017-11-29T14:58:15.000Z,gvZW4Lh-8Mc,1,Film & Animation
992,1,UC2-BeLxzUBSs0uSrmzWhJuQ,20th Century Fox,2017-11-28T21:28:53.000Z,ykHeGtN4m94,1,Film & Animation
993,1,UCMqZKtU6-U2_2m0ZunCsiow,Vote The Process,2017-11-30T01:29:36.000Z,J3IbiFCR-Xs,1,Film & Animation
994,1,UCLquyEGkXKvp9xahcrnwm9w,cgriesemer,2017-11-29T14:58:15.000Z,gvZW4Lh-8Mc,1,Film & Animation
995,1,UC2-BeLxzUBSs0uSrmzWhJuQ,20th Century Fox,2017-11-28T21:28:53.000Z,ykHeGtN4m94,1,Film & Animation
996,1,UCMqZKtU6-U2_2m0ZunCsiow,Vote The Process,2017-11-30T01:29:36.000Z,J3IbiFCR-Xs,1,Film & Animation
997,1,UCLquyEGkXKvp9xahcrnwm9w,cgriesemer,2017-11-29T14:58:15.000Z,gvZW4Lh-8Mc,1,Film & Animation
998,1,UC2-BeLxzUBSs0uSrmzWhJuQ,20th Century Fox,2017-11-28T21:28:53.000Z,ykHeGtN4m94,1,Film & Animation
999,1,UCMqZKtU6-U2_2m0ZunCsiow,Vote The Process,2017-11-30T01:29:36.000Z,J3IbiFCR-Xs,1,Film & Animation
